country,Urbanization_Rate,Rural_Population_Growth,Employment_In_Agriculture,Population_Ages_65_and_above,Population_Ages_0_14,Age_Dependency_Ratio,Women_In_Parliament,Female_Labor_Participation,Access_to_Electricity,Mobile_Subscriptions,Intentional_Homicides,Category,Cluster_ID,Cluster_Name
Afghanistan,25.7007352636188,2.53060155413216,45.4639523771058,2.400970026561,42.8875055536677,82.7768483158234,27.0161290322581,5.104,85.3,55.5475,4.0324584656778,Country,1.0,Developing
Africa Eastern and Southern,38.2414414289603,1.71603630062542,55.9434699267051,3.33096021429811,40.3019379766906,78.4380513561385,30.2325581395349,63.9083222872007,50.6675157944854,87.3,12.4,Region,2.0,Struggling
Africa Western and Central,52.8595642244259,1.18262215511005,40.0309285567569,2.98795331385258,41.2951130365132,79.8023373708457,20.7848353841038,66.1817272096567,57.0692665803595,91.8,11.9,Region,2.0,Struggling
Albania,58.5463634043555,-2.3498730988267,34.893422575994,16.922756199529,16.8407829528601,50.9742938346485,35.7142857142857,53.512,100.0,92.9973,1.38708340817063,Country,0.0,Developed
Algeria,75.2792907190618,-0.788161670738689,9.33653982540522,6.58221207266603,30.3290046531181,58.5067834220209,7.86240786240786,13.988,100.0,111.606,1.16107238811947,Country,1.0,Developing
Angola,70.6551379036435,0.342441556900719,56.2240208592964,2.85242119224488,44.3509627519372,89.4060806363382,39.5454545454545,73.14,51.1,70.052,4.09826656345614,Country,2.0,Struggling
Arab World,59.8198752449274,1.53580747790456,13.5937558730743,4.6326269533076,32.3325099091731,60.1776794320846,18.1524373821707,18.0836050031994,91.6454299444509,102.925568544421,3.8,Region,1.0,Developing
Argentina,92.2742315972952,-0.680748776380814,0.612884087432253,12.4160041547474,21.6039426858612,51.5609570038159,42.4124513618677,52.935,100.0,137.706,4.49291137824536,Country,0.0,Developed
Armenia,65.8113671449901,1.9697861072136,52.2956663525376,13.7027691969357,19.2370774424519,49.1198808417762,36.4485981308411,56.416,100.0,134.52,2.20833575400906,Country,0.0,Developed
Australia,87.6021469990446,1.06693789454862,2.14756517038717,17.7300159228367,17.8418482544494,55.211692188952,38.0,62.356,100.0,112.513,0.854406035826682,Country,0.0,Developed
Austria,69.4658181096788,-0.27570220904978,3.11719371426899,20.6064031791903,14.2280024817963,53.4552149204625,36.0655737704918,55.551,100.0,121.746,0.876191031111463,Country,0.0,Developed
Azerbaijan,58.573795837717,0.320340681239571,35.4905265980056,8.5557671289167,21.8116344602457,43.6108909062656,20.8,60.353,100.0,107.687,2.16122820563689,Country,0.0,Developed
"Bahamas, The",81.3249262966481,0.441324688211823,2.89056035404483,11.7758539484603,17.9127947109646,42.2242936331287,17.9487179487179,66.494,100.0,100.048,32.1981392997156,Country,0.0,Developed
Bahrain,100.0,-71.592446586283,0.878598104509059,3.85339957070368,18.7167655487684,29.1492189691124,20.0,42.962,100.0,153.9,0.195636140255462,Country,0.0,Developed
Bangladesh,32.6783196323307,0.444480345295065,35.2740716970021,6.49846299627493,27.9889305379593,52.6423780619832,20.8571428571429,44.153,99.5,114.355,2.34217668208578,Country,1.0,Developing
Barbados,59.5397032429174,-0.24033326111701,2.63467505919379,16.5502225919796,17.2412755449742,51.0381409176706,26.6666666666667,59.727,100.0,114.581,7.43794627677661,Country,0.0,Developed
Belarus,79.1551015210848,-2.11892000507133,9.97081555387097,17.6665640538227,16.2972291440499,51.4320720058658,33.6363636363636,56.942,100.0,128.979,2.38463165310244,Country,0.0,Developed
Belgium,87.6126557010527,0.173060286553606,1.08982994739094,20.5580809256443,15.9961268493057,57.6148666582755,41.3333333333333,49.797,100.0,103.196,1.08030153549307,Country,0.0,Developed
Belize,41.7532107338224,1.7720747355897,15.6190420492426,5.02383883818482,26.5784164106154,46.203569976303,15.625,49.21,99.6,67.175,28.0582917218107,Country,1.0,Developing
Benin,52.5455354818423,0.790503148989722,27.994441889456,3.11814703786092,41.5524903883943,80.7358613009806,26.605504587156,74.321,57.0,116.036,1.1274974068,Country,2.0,Struggling
Bhutan,42.5645249803412,-0.781992611178283,43.8136628392887,6.49423991297806,20.9093969927652,37.7478603176371,4.25531914893617,56.464,100.0,95.6261,2.46751324015657,Country,1.0,Developing
Bolivia,71.2361453773988,0.262264191211829,24.3506189303342,5.64147449734418,29.7865638630777,54.8659781441531,46.1538461538462,72.455,99.8,101.572,4.41843313132273,Country,0.0,Developed
Bosnia and Herzegovina,52.1224302754935,-1.81190801934764,17.5725014707593,22.2302388589029,13.0378165083513,54.4832427940866,19.047619047619,39.442,100.0,117.734,1.22446173133237,Country,0.0,Developed
Botswana,67.4623537838418,0.288841125886966,17.9988595999039,4.03589409389962,32.1296445773121,56.655146530662,8.69565217391304,63.787,76.0,179.027,11.3681767255945,Country,0.0,Developed
Brazil,87.8958549533146,-1.88050154508882,8.202818535193,11.0491844889702,19.6651396335929,44.3299763860952,17.5438596491228,53.03,99.8,101.02,19.2752957673079,Country,0.0,Developed
Brunei Darussalam,74.8983133873697,0.506657968367637,1.5079924509425,6.8678459937565,20.825269627627,38.2994748624391,11.7647058823529,53.187,100.0,127.012,0.486378957300791,Country,0.0,Developed
Bulgaria,73.9499356882481,-0.912454656548146,5.67781559161061,22.0303362606903,14.4744612007493,57.4922255368163,20.8333333333333,50.901,100.0,117.933,1.08890737415431,Country,0.0,Developed
Burkina Faso,28.3352514896662,1.48420861491386,31.3796650864036,2.65177208111112,41.8020300074131,80.0303169928442,18.3098591549296,41.02,21.7,119.463,1.25044051977478,Country,2.0,Struggling
Burundi,24.8302838651025,0.899629797349563,85.0540029269898,2.53180465590806,44.698901307295,89.5041466801602,38.2113821138211,79.864,11.6,63.1631,5.64974214487878,Country,2.0,Struggling
Cabo Verde,76.7721471004354,-3.1726141915893,9.91510582241555,6.85817820175012,25.5473187051443,47.9410239354206,38.8888888888889,50.341,98.6,113.023,6.99464423976475,Country,0.0,Developed
Cambodia,40.8727033252729,0.814751202722174,36.0065668874322,6.16370427229448,29.7931455146284,56.1447301469383,13.6,73.959,95.0,120.809,1.82033262639221,Country,1.0,Developing
Cameroon,55.4031748609078,1.99908194822576,43.4199047884932,2.79479868376124,41.4422273702555,79.3304617054918,33.8888888888889,56.518,72.0,96.4817,6.76008919336955,Country,2.0,Struggling
Canada,82.7002565766633,1.95457142369914,1.27154402496483,19.7995907648324,15.1113205709867,53.6355843539122,30.6547619047619,61.033,100.0,94.1497,1.97968887560784,Country,0.0,Developed
Caribbean small states,50.0999425738621,0.427270245984218,6.46110759317122,10.1101130145521,21.8600503553875,47.1877178023028,27.319587628866,50.4223373889378,99.168477538461,109.129045044123,31.5,Region,0.0,Developed
Central African Republic,44.1243555638904,2.64189555423909,70.5320384453627,2.15107257700903,49.0033606346796,104.726849849797,11.4285714285714,65.776,17.6,38.8218,20.120400654,Country,2.0,Struggling
Central Europe and the Baltics,61.7976712496974,-0.384568017194314,7.67176369793572,20.5030899335598,15.0191296039746,55.1122217872311,25.4629629629629,50.5180633593618,100.0,124.683360007648,1.3,Region,0.0,Developed
Chile,88.9950908479196,-1.0780745171046,6.20836443013518,14.1350862568788,16.9661637626319,45.1405085154006,35.4838709677419,52.001,100.0,135.871,6.34829073035101,Country,0.0,Developed
China,65.8946980998325,-1.18629610241506,22.3337098676163,14.665268836569,16.0078123326803,44.2441142865473,26.5367819952973,59.562,100.0,128.247,0.5018560705357,Country,0.0,Developed
Colombia,78.5210811866115,-0.0620613778060737,14.4388855774159,9.77843560750778,20.2721132452225,42.9603769785689,29.4117647058824,51.726,98.7,166.98,24.9134420347488,Country,0.0,Developed
Costa Rica,79.3107672397967,-1.57505358171975,13.4119669129384,12.2251559968888,18.7992771803014,44.9788533469365,49.1228070175439,43.825,100.0,145.789,17.7454798727379,Country,0.0,Developed
Croatia,57.5158981711443,-0.471332262266753,4.67627937065642,23.1877713482095,13.9232064407501,59.0102882477899,33.112582781457,47.024,100.0,117.113,0.667347104040825,Country,0.0,Developed
Cuba,77.1664929228275,-0.542190012274911,17.1022757021035,16.5690797350002,15.2939497984614,46.7631927747239,55.7446808510638,39.529,100.0,69.5768,4.46315139638841,Country,0.0,Developed
Cyprus,66.6824259192483,0.959182463318245,2.37476071802651,14.616184268068,16.0721779424302,44.2758859500322,14.2857142857143,62.408,100.0,155.696,0.81785876397005,Country,0.0,Developed
Czechia,72.7947984592185,0.157873730459006,2.74489137813669,20.8453836809891,15.397296108304,56.8447265644664,26.0,53.062,100.0,126.005,0.767827757917044,Country,0.0,Developed
Denmark,88.6960552688405,-0.756857207530355,2.02176194757079,20.8660704666167,15.6963833177301,57.6353557296981,45.2513966480447,59.769,100.0,126.919,0.840599404536194,Country,0.0,Developed
Dominican Republic,72.4121874752151,0.649248782974741,7.38572514526136,7.87947502690208,26.5786510625149,52.5742155868587,36.8421052631579,52.897,99.6,91.8676,10.9166976980638,Country,0.0,Developed
Early-demographic dividend,47.3444444657062,0.531110068423285,34.2486657387341,6.62518967072857,27.3077335506743,51.8408364398256,25.146427176884,37.5427151493123,95.7044381043822,96.3653995383414,6.0,Region,1.0,Developing
East Asia & Pacific,64.3744031172338,-0.815045073202321,22.6277646576777,13.6457266878012,18.0595575955364,46.6518554391468,23.01567239636,58.1149148083695,98.4044624957692,132.9,0.8,Region,0.0,Developed
East Asia & Pacific (IDA & IBRD countries),61.5847679018686,-0.8326279486571,24.6078525785951,12.425001223194,18.7374419982173,45.3097104831249,23.4720845721837,58.1241308209204,98.7474424069608,129.5,1.4,Region,0.0,Developed
East Asia & Pacific (excluding high income),61.6125537930801,-0.829676936111538,24.9538177850246,12.4247525675863,18.7399346146413,45.3139438482426,22.9048613182225,58.3710276800263,98.2376383007189,128.2,1.5,Region,0.0,Developed
Ecuador,63.2376932397602,0.570121980736585,29.9978166079384,8.34399866229053,24.4558490395414,48.8091845545471,43.0656934306569,52.443,98.7,101.032,45.7228145164847,Country,0.0,Developed
"Egypt, Arab Rep.",42.8004363938404,1.57493058819006,18.6939459811554,5.11629539338187,31.9946550599489,59.0101954565221,27.7027027027027,15.068,100.0,92.8262,1.31152527182627,Country,1.0,Developing
El Salvador,75.0674905102199,-1.37407634400828,14.7538088181169,8.14861585944133,24.8061237642969,49.152974332256,31.6666666666667,46.704,98.3,179.706,7.89768799960639,Country,0.0,Developed
Eritrea,34.5365524291992,2.10620870766617,60.8626404510475,4.20287571879535,38.1370165145804,73.4301367632134,22.0,72.336,54.4,59.1248,15.6075665087306,Country,2.0,Struggling
Estonia,70.6981161541961,0.0778673831000898,2.60035287365281,21.2973321004949,15.6376190147191,58.5663479181206,29.7029702970297,60.826,100.0,150.196,1.53599045052794,Country,0.0,Developed
Eswatini,26.2498461258639,0.398794090543553,13.773962074815,4.26195555838067,33.3522553319202,60.2929796322665,21.6216216216216,44.825,86.4,128.399,12.5145709802017,Country,1.0,Developing
Ethiopia,23.6222839355469,1.84825393779106,62.3696792285225,3.22998448410868,39.059915806682,73.2798951679715,41.3135593220339,57.27,55.4,56.9643,8.51054794891045,Country,2.0,Struggling
Euro area,77.4022582866533,-0.158087462743213,2.76435678741514,22.4385798384397,14.1705249694984,57.8441053246258,33.9881224303335,51.8140373034938,100.0,123.504922574754,1.0,Region,0.0,Developed
Europe & Central Asia,73.9701976866534,-0.110056296996413,6.90812338072072,18.1297425741658,17.3943604133947,55.254548781736,31.4502529510961,51.2939519895426,100.0,132.4,2.1,Region,0.0,Developed
Europe & Central Asia (IDA & IBRD countries),69.0697012705669,-0.107799906950869,12.1974947489382,14.4124387148352,20.0599977883478,52.7668651325274,25.5479452054794,48.9130842937118,100.0,139.6,5.7,Region,0.0,Developed
Europe & Central Asia (excluding high income),68.2731886712307,0.275944000494123,18.6071390081625,11.2340802011258,22.9919855236037,52.3132181875701,27.1174118502363,44.5340860378956,100.0,115.4,6.4,Region,0.0,Developed
European Union,75.0300099964199,-0.2458310425778,3.79330108006909,22.0124926642937,14.412810429926,57.3787464951009,32.5596084004421,51.7548456272975,100.0,123.687099666304,1.0,Region,0.0,Developed
Fiji,59.0766602292457,-0.640687407425223,28.0920991904263,6.48697651983669,27.0932746472807,50.5576304595912,9.09090909090909,38.488,99.3,111.749,2.0559533103824,Country,1.0,Developing
Finland,74.2637190463636,-0.352816824129739,3.60736729165815,23.8972369428395,14.6331861128204,62.6820794456911,46.0,57.436,100.0,127.473,0.98193498501344,Country,0.0,Developed
Fragile and conflict affected situations,46.1538252985064,1.61768936172631,45.3626869811163,4.04566925785217,38.9250823901979,76.5874634110946,21.6406112770069,53.2449102261184,58.950109305747,75.0,12.9,Region,2.0,Struggling
France,78.7999750964116,0.169854859868221,2.50540941600709,22.1465618989138,16.5051210259256,63.003655783096,36.0485268630849,51.678,100.0,116.688,1.33506280409367,Country,0.0,Developed
Georgia,61.0789605093733,-1.26530811718751,39.9154051249282,15.6376865642243,20.7987693261233,57.3228523922316,22.6666666666667,54.996,100.0,155.25,2.02806499553233,Country,0.0,Developed
Germany,82.0211432579125,-0.377599583550634,1.19870655264497,23.1955871731941,13.9101604189277,58.9970399490838,35.3260869565217,55.637,100.0,124.663,0.910722780231795,Country,0.0,Developed
Ghana,58.3654868038581,0.543638444062617,35.3695695386845,3.70833260535242,35.8181308043952,65.3615857268255,14.5454545454545,61.522,89.5,98.8059,1.83111773115644,Country,1.0,Developing
Greece,78.9967856500534,-1.0734645039768,11.4756963466878,23.939763430194,13.2194094109899,59.1322060504029,23.0,44.492,100.0,110.792,0.839605274224601,Country,0.0,Developed
Guatemala,55.9547027274763,0.757754225788965,26.6645982072983,4.84933494994855,31.5771277741567,57.2981463861187,20.0,40.383,100.0,113.709,23.3657267272051,Country,1.0,Developing
Guinea-Bissau,46.113204421822,1.24336898261973,49.9581075098854,3.191856640828,38.7859142926711,72.3477499737723,9.80392156862745,56.46,40.5,128.111,1.11876398954435,Country,2.0,Struggling
Guyana,26.477717988557,0.55420260647562,11.2875068833406,6.73491868776595,29.1605627091765,55.9953375228056,39.4366197183099,40.274,98.9,112.565,19.1201580922439,Country,1.0,Developing
Haiti,55.0372652481002,-0.143626649834473,44.6776152774286,4.70521824612954,31.1886406665943,55.9912955357223,2.54237288135593,59.979,51.3,65.1889,41.1518089717388,Country,2.0,Struggling
Heavily indebted poor countries (HIPC),37.8680678923232,1.82725702283227,55.4487608996117,3.03566264187513,41.4846157151007,80.8918846825889,27.2727272727273,58.8512443472365,50.5311127498598,76.7140221946963,8.1,Region,2.0,Struggling
High income,80.1322252154974,0.107278259896387,3.18801341118621,19.5958999697407,15.6761907374679,54.9303830704444,30.9120403749099,54.2995550155312,99.9884002141209,138.5,2.9,Region,0.0,Developed
Honduras,58.7850728104829,0.546381411632028,22.5592425204478,4.41772213694935,30.6212062800353,53.9383402159092,27.34375,39.485,95.6,74.4148,31.4424316507577,Country,1.0,Developing
Hungary,70.491825943218,-0.988403995433103,4.43143967421914,20.9931972318078,14.4013810473594,54.7857651144164,14.572864321608,53.886,100.0,105.054,0.722657964901225,Country,0.0,Developed
IBRD only,58.3259521226594,-0.157934784178658,26.2250165643401,10.3267623003083,21.7942741059658,47.5050852781932,25.9662791405442,46.8827630173443,99.0885820346684,114.9,4.7,Region,0.0,Developed
IDA & IBRD total,53.3673423695912,0.36967755772793,30.7149242026587,8.52095832757949,26.3280443336616,54.657171854442,25.0111507582516,47.8981751687211,90.3146248872835,107.0,5.9,Region,1.0,Developing
IDA blend,48.6958359099619,0.867546889756471,34.8465831296556,3.66403445568467,38.31286595356,72.5919105827999,20.1323987538941,51.7679847162617,77.9201343756954,88.2,7.7,Region,2.0,Struggling
IDA only,36.4135944580163,1.52221578581587,50.7132507377828,4.02912118699042,37.7171198114384,73.1415022106103,24.611104084988,50.8973771297308,61.9201921189084,86.0,7.7,Region,2.0,Struggling
IDA total,40.6844774427568,1.32486458940729,44.8720083608091,3.90217019723918,37.9242776068267,72.9503936461879,23.5131264916468,51.2033127382385,67.5014937828868,86.7,8.3,Region,2.0,Struggling
Iceland,94.1819039916522,-0.297506935540001,3.70861968092074,15.6448154592516,17.7634212897707,50.1688158799601,46.031746031746,70.287,100.0,123.382,1.29013114183057,Country,0.0,Developed
India,35.3788972368389,0.410277685448571,43.5135829283351,7.14651714039908,24.6239027058366,46.5639973059355,13.6531365313653,32.803,99.5,80.5632,2.81530423021647,Country,1.0,Developing
Indonesia,58.7509635387997,-0.709121800161387,28.7684839044504,7.28860130431549,24.5977969421876,46.8135550051726,21.0344827586207,52.583,99.4,125.238,0.303768746039586,Country,1.0,Developing
"Iran, Islamic Rep.",77.0201263427734,-0.433723695968944,14.3072427010283,8.23901267627149,22.4405719317898,44.2576475929094,4.82758620689655,13.45,100.0,166.28,2.37540050451863,Country,1.0,Developing
Iraq,69.8861494108913,2.06544317070531,8.24563905397969,3.41438792372575,36.5813485791184,66.6548244604985,28.8753799392097,10.797,100.0,101.389,9.46375217111484,Country,1.0,Developing
Ireland,64.3470379255585,0.925644104463691,4.02688861655514,15.8920783803289,18.5554853052345,52.5496229649835,25.2873563218391,60.12,100.0,110.798,0.654270171245596,Country,0.0,Developed
Israel,91.536188843818,0.943894441157001,0.762244941986571,12.5526937672772,27.4092600836836,66.5610464169687,25.0,62.04,100.0,153.337,1.62581066709758,Country,0.0,Developed
Italy,69.6047535143071,-0.272308688957137,3.59457152248348,24.624776723376,11.892304596608,57.5226887063978,32.25,41.277,100.0,131.872,0.568072449338316,Country,0.0,Developed
Jamaica,58.9301585439922,-1.18137035156221,14.6095165250996,8.20960314175773,18.7023871371085,36.8213630495345,27.4193548387097,61.301,97.7,115.092,49.4403451527686,Country,0.0,Developed
Japan,92.1901718034531,-1.80250841526337,3.00513476523112,29.7807703973917,11.4361015985054,70.1168403833763,15.6989247311828,55.298,100.0,178.432,0.229153196964695,Country,0.0,Developed
Jordan,92.9501393764286,-2.74097920815873,3.2215017672746,4.52316375593402,30.6684370194919,54.3009741648251,19.5652173913043,13.962,100.0,67.5457,0.987830151085125,Country,1.0,Developing
Kazakhstan,62.072531584162,0.451901913886658,12.1286969689899,8.65323470294214,29.3732798104715,61.3593284528818,19.3877551020408,65.987,100.0,127.115,2.55058633787163,Country,0.0,Developed
Kenya,31.8937831721599,1.57538914682176,32.2537749419991,2.96616899017204,36.8360577038471,66.1190997974295,23.2758620689655,62.158,76.2,120.612,4.87166844718499,Country,2.0,Struggling
"Korea, Rep.",81.1682528469686,0.054685607368219,5.32432794838826,19.2735131316057,10.568126821068,42.5346866514455,20.0,56.021,100.0,162.114,0.477306316584835,Country,0.0,Developed
Kyrgyz Republic,34.7219977865937,1.68156355490611,23.8548247293568,5.68194389959712,32.3415612198649,61.3514807542057,21.1111111111111,52.951,100.0,108.591,1.74734308054439,Country,1.0,Developing
Late-demographic dividend,67.2580226672191,-0.958023617107205,20.2074143932347,13.7744947359119,17.4608748013133,45.5451523669674,24.2668415628221,57.3518816092493,99.457096381276,126.745828074436,4.8,Region,0.0,Developed
Latin America & Caribbean,81.2717000968592,-0.518581651225226,12.5907251953254,9.83800362976214,22.5092527306218,47.9267218031353,36.4648033126294,51.229625442419,98.4226177260083,114.6,19.7,Region,0.0,Developed
Latin America & Caribbean (excluding high income),80.7702310770957,-0.539793107700199,12.96600036487,9.55763442107996,22.6607850236294,47.6362616551383,37.4043464952556,51.9674437215716,98.2687443423624,115.3,21.2,Region,0.0,Developed
Latin America & the Caribbean (IDA & IBRD countries),81.2720096738406,-0.517826587283071,12.5674368933738,9.64333529448387,22.6943821035356,47.9048148879317,33.9791356184799,51.5473902830078,98.3852491204833,115.3,22.7,Region,0.0,Developed
Latvia,68.4839492628509,-1.3348045307438,6.75006020329936,21.7358403074143,15.4132909230147,59.106810188639,32.0,55.053,100.0,119.91,2.49681788529087,Country,0.0,Developed
Least developed countries: UN classification,36.1654678544613,1.56247686315002,53.0627047004481,3.80504972776836,38.6572016929491,75.2380777449655,27.0437405731523,53.0057013519813,58.4341452966049,83.9,7.8,Region,2.0,Struggling
Lebanon,90.703695784554,-2.10646027963293,3.44330596552846,10.1385877257367,26.1864378535752,57.0475892933219,6.25,27.537,100.0,74.0148,2.24466989542556,Country,1.0,Developing
Lesotho,43.6780334209246,-0.643206868286865,29.1969883123838,3.8564059343144,34.5192835270474,62.2736686010548,25.0,48.674,57.3,69.3513,38.2397413122181,Country,2.0,Struggling
Liberia,55.5387986654968,0.947967514524489,38.8656239906076,3.30499818540316,39.5295891528265,74.930982144805,10.958904109589,72.064,32.5,32.0639,3.08709483452429,Country,2.0,Struggling
Lithuania,68.8285833315315,-0.229211838301469,5.06179684090923,20.1664889015269,14.7059775080318,53.5449086261818,28.3687943262411,57.872,100.0,137.204,2.62779952622526,Country,0.0,Developed
Low & middle income,53.2338185167989,0.339392779949491,31.2891733574178,8.31330315369562,26.389680555799,54.3335483108058,25.0700667114041,47.694476196569,90.491567372195,104.401559003568,5.7,Region,1.0,Developing
Low income,37.2181749219528,2.07570166651538,56.625862247942,3.28494148627212,41.6033347900853,82.5373026957072,22.6746589499793,53.0451013042494,45.2721918756793,67.0,10.4,Region,2.0,Struggling
Lower middle income,41.6165663262882,0.570596666335211,39.1504600999303,5.97937346469733,29.5432743493287,56.0465815771199,23.4744560075686,40.9268678441154,91.2680749757223,90.9,4.4,Region,1.0,Developing
Luxembourg,94.8438702866393,0.759147883226658,0.87261103592708,15.4763638200631,15.7772392561468,45.4622803870045,33.3333333333333,57.096,100.0,144.475,1.5306610542428,Country,0.0,Developed
Malawi,17.268503531213,2.22212208266765,61.7019421854608,2.58611915815843,40.705553369279,76.3409449778756,20.7253886010363,63.178,15.6,61.0866,1.77598671180007,Country,2.0,Struggling
Malaysia,76.9170296648992,-0.810182524482089,9.83787449991082,7.73785157794421,21.7863930270916,41.8927658645277,13.5135135135135,51.602,100.0,142.732,0.734492430713877,Country,0.0,Developed
Maldives,41.9982152717385,-0.496262763151796,7.70013940447661,4.64021341457638,19.5920227207706,31.9824156478728,3.2258064516129,40.981,100.0,141.601,0.615093155858455,Country,1.0,Developing
Malta,95.6546264490509,2.24599839814171,1.11038285075375,20.2123026573043,13.0305018281824,49.7967062194204,27.8481012658228,55.287,100.0,140.594,0.562898250512237,Country,0.0,Developed
Mauritania,60.6068586411829,0.643347872560221,32.6911625859718,3.22841423141255,42.7112125586057,84.978354637561,23.2954545454545,26.117,50.3,90.7725,0.999971522550119,Country,2.0,Struggling
Mauritius,39.0162147027917,-0.250041540916889,5.3230647361704,13.5258962419631,14.8108552049334,39.5416044069779,19.4029850746269,42.611,100.0,165.258,2.27249663925174,Country,0.0,Developed
Mexico,79.7538805976118,-0.514874310128417,11.9647552173961,8.24857017950351,24.5094927322392,48.7167150891959,50.2,47.364,99.7,111.562,24.8589948436701,Country,0.0,Developed
"Middle East, North Africa, Afghanistan & Pakistan",55.6942250029689,1.31153336426568,21.7400371886544,5.06035800318663,32.1338028266991,60.3669249716533,17.1867261020307,19.2338826690274,96.4226367435274,104.6,3.9,Region,1.0,Developing
"Middle East, North Africa, Afghanistan & Pakistan (IDA & IBRD)",52.3941964396274,1.25684735866652,25.2334549385215,5.15228222096897,33.0486365449457,62.5320058575705,16.7578462424417,17.0962507374242,96.0574946837091,99.0,3.8,Region,1.0,Developing
"Middle East, North Africa, Afghanistan & Pakistan (excluding high income)",52.6418305162983,1.25507524993301,25.2334549385215,5.14290790653888,33.084281665972,62.6000386012815,16.7578462424417,17.0962507374242,96.0854287468734,98.8,3.7,Region,1.0,Developing
Middle income,54.9182232798643,0.0875959887187523,29.3536391800865,8.84214836012549,24.7896229930727,51.3672898560071,25.635520858746,47.2917351799664,95.1581054427171,108.260864694504,5.5,Region,1.0,Developing
Moldova,43.516471862793,-3.19120390208694,51.1362105068273,16.2115124727323,19.7887254216323,56.2505935075156,40.8163265306122,70.127,100.0,130.772,2.54314378217647,Country,0.0,Developed
Mongolia,70.9566040039062,-0.495392044641542,26.1227991504659,5.13764767489369,32.1932994585014,59.5684105260823,25.3968253968254,53.073,100.0,141.085,5.91503475082916,Country,1.0,Developing
Montenegro,65.5422314706266,-0.200865836196522,6.01530554826124,17.8320804850907,18.1268437386694,56.1495772729094,27.1604938271605,41.362,100.0,207.238,0.789201202111271,Country,0.0,Developed
Morocco,62.7998124018197,0.634525485088349,29.5901227947325,8.13865292437289,25.6329078938824,50.9925352190748,24.3037974683544,19.527,100.0,148.155,1.70500474577332,Country,1.0,Developing
Mozambique,36.4332337447237,1.79635427249564,69.48458148753,2.75374348509978,44.4790889381731,89.5117827853714,39.2,78.122,36.0,45.8178,3.58999788532633,Country,2.0,Struggling
Myanmar,30.4499084074136,0.576874518569941,45.1986253107037,7.3044263357285,24.3005300670048,46.2094250408467,15.2941176470588,40.954,76.8,121.028,2.57510107248619,Country,1.0,Developing
Namibia,50.4088030252155,1.32539401206674,21.4918187422309,3.67296001393999,36.9797378397172,68.4996560642518,40.625,55.431,56.7,87.6761,11.2077806904171,Country,2.0,Struggling
Nepal,66.772343163029,-0.833776578484265,61.2052992569294,6.50345841831696,28.4291693571977,53.6868554776039,33.0882352941176,27.645,94.0,133.273,2.13004129984372,Country,1.0,Developing
Netherlands,95.6396517079336,-6.37934971304955,1.90740610981294,20.4960775816586,15.0256450781311,55.0909942337838,38.6666666666667,62.879,100.0,117.352,0.690893081283378,Country,0.0,Developed
New Zealand,83.9370658833132,1.37555642354916,5.62063145756489,17.1957543080631,18.1186736949994,54.5939916672758,45.5284552845528,66.942,100.0,126.855,1.46149415952832,Country,0.0,Developed
Nicaragua,59.2628402709961,1.00932190436509,27.6724392343389,5.5335856079826,28.758876248809,52.1895509332864,53.8461538461538,50.096,88.3,105.843,11.3473196321723,Country,0.0,Developed
Niger,18.0497398450803,2.91675873776243,70.6462661745118,2.59438183698921,46.6010183145881,96.8325672256489,25.9036144578313,60.221,20.1,65.735,4.41784034939735,Country,2.0,Struggling
Nigeria,62.9755675573659,-0.0571015072587987,34.3102519065207,3.04866208065127,41.0138455377957,78.7709744526654,3.91061452513966,80.713,61.2,98.4773,15.7466808233499,Country,2.0,Struggling
North America,80.4069097553513,0.827382898151288,1.53615997305992,18.1318732715004,17.0843904332456,54.3601438683216,29.5719844357976,57.0169645218857,100.0,111.2,5.4,Region,0.0,Developed
North Macedonia,62.5645376928533,-1.02118703120273,9.2898538188738,18.0247601630052,16.8227364757936,53.4859870639466,39.1666666666667,41.69,100.0,104.837,1.52854990019388,Country,0.0,Developed
Norway,83.3293737928469,-0.583053226903109,2.50261328761417,18.7852406279027,16.1887491796165,53.7846035980815,44.3786982248521,61.724,100.0,111.657,0.724747049690651,Country,0.0,Developed
OECD members,81.1859846310034,-0.0527571565933186,4.45336642853064,18.6338429098123,16.6911932652383,54.9293928010136,33.289947937525,53.2290832218138,99.9229486259415,122.304805090448,4.5,Region,0.0,Developed
Oman,79.4440302814714,5.11347341548468,6.13332548142041,2.64409723076876,24.7148273855078,37.6631602323536,0.0,30.654,100.0,135.218,0.138633928990513,Country,1.0,Developing
Other small states,54.9615544244478,0.364534486616158,12.7332607400556,10.3551058809583,23.4971790254907,51.9545207257915,24.018691588785,49.6650263040675,94.4954692175265,124.936732236042,9.2,Region,0.0,Developed
Pacific island small states,40.5632799632706,0.707191394157978,33.8900476505931,5.18358447189839,33.3299372316501,63.2940393143827,9.21052631578948,53.765739383238,88.8705713618501,76.1797159429208,3.4,Region,1.0,Developing
Pakistan,39.1734368360905,0.928893812873999,36.0955654873086,4.28062891951199,36.6849298308646,69.3926431439163,17.0418006430868,24.258,95.6,76.5398,4.33487075793336,Country,1.0,Developing
Panama,65.9958447685488,0.867912982478084,14.7076774419373,9.35311257011009,24.8949248346335,52.086689450372,21.4285714285714,52.665,97.0,156.587,11.7072934419645,Country,0.0,Developed
Papua New Guinea,15.4061816403333,1.37198293015098,38.7324710675805,3.46461445686932,33.4795064322546,58.5895021011812,2.7027027027027,50.668,20.5,34.0589,9.34037927179888,Country,2.0,Struggling
Paraguay,69.8622585886961,-0.462132470981907,17.1714081244758,6.53764608747996,28.5879240940415,54.1439537929832,23.75,59.056,99.8,126.605,6.7795163925492,Country,0.0,Developed
Peru,85.1912729600355,-1.63884059951864,23.9668308166303,9.22812283852747,23.9704046258316,49.6973010705299,38.4615384615385,65.156,96.2,121.975,8.60480803979216,Country,0.0,Developed
Philippines,55.4520983215477,0.092400289749936,22.3650044333363,5.49193411039176,27.8680674907316,50.0600272907847,27.3311897106109,49.945,98.0,117.276,4.34759149828352,Country,1.0,Developing
Poland,59.9705468695101,-0.560931737375573,7.60169405464749,20.1434028173028,14.8057804830982,53.7259735061021,29.5652173913043,51.597,100.0,135.146,0.802314721828908,Country,0.0,Developed
Portugal,61.3281907341332,0.776979224731966,2.94656525862376,24.5306498594644,12.8014201999608,59.5712560251323,32.6086956521739,54.694,100.0,123.002,0.719971949892832,Country,0.0,Developed
Post-demographic dividend,81.1548553401407,0.13167344673131,2.57710818883787,21.0306154646088,14.9920687981222,56.5749487354357,33.8464970995092,55.0041970581744,100.0,124.353057874527,2.3,Region,0.0,Developed
Pre-demographic dividend,45.4412510416648,1.63050883045546,48.238020426319,2.91306712431536,41.9535508204428,81.8048805504337,25.2090800477897,62.3565598285594,52.5309883201788,86.7805674982389,8.1,Region,2.0,Struggling
Qatar,99.3219891728394,1.80185055026782,1.71130457447487,1.67581729963329,15.070743135057,20.1151630671203,4.44444444444444,63.308,100.0,157.821,0.0691454145354033,Country,0.0,Developed
Romania,52.1674778928768,-0.054654467640754,17.8916250654529,19.9809987731847,15.7157647653274,55.5131705543589,19.2073170731707,41.79,100.0,123.252,1.10887485110282,Country,0.0,Developed
Russian Federation,75.1119136177067,-0.730033884407322,5.6968201415488,17.1774753758315,17.2783413289713,52.5688404175722,16.4444444444444,54.626,100.0,180.842,6.76512531955806,Country,0.0,Developed
Rwanda,29.8849714294083,0.684228543682795,54.7897074346423,3.92606803328137,37.3607979172264,70.3196484501421,63.75,57.869,63.9,91.4623,3.61247427164444,Country,2.0,Struggling
Samoa,17.5029115108018,0.621859601382146,30.2131009483358,5.88089597490133,38.4642199436289,79.6782541330828,12.962962962963,30.567,100.0,62.3987,6.26258538794308,Country,1.0,Developing
Sao Tome and Principe,68.8710170184884,1.14813713648762,11.1005692599621,3.90024476036623,37.8283196022697,71.6102003642987,14.5454545454545,23.085,81.3,63.4541,3.23189666549062,Country,1.0,Developing
Saudi Arabia,84.4554020211443,3.61250994200563,2.83195875908925,2.95084263846487,23.818581981118,36.5549841438871,19.8675496688742,34.406,100.0,157.775,0.935259944754359,Country,0.0,Developed
Senegal,55.2368169057304,1.12678004387748,21.6384845456255,3.61772273671508,38.1823663294065,71.8215628365833,41.2121212121212,37.209,74.2,123.912,0.267518151792543,Country,1.0,Developing
Serbia,62.3830029804177,-1.19055950927686,19.1598606586633,22.6860376805019,14.3110315939988,58.7227716497179,38.0,49.941,100.0,128.471,1.31400205013848,Country,0.0,Developed
Sierra Leone,45.3626823156371,1.11499355089362,43.0317292447624,3.24269579256476,38.0887344368752,70.4490063510929,29.5302013422819,51.214,35.5,107.882,2.22431228940123,Country,2.0,Struggling
Slovak Republic,53.1919702985684,-0.0885750987820481,2.37499752214825,18.5373993543753,15.7612022097569,52.2037685532826,22.6666666666667,55.427,100.0,138.233,1.12358440823663,Country,0.0,Developed
Slovenia,55.7577708405917,-0.169107333198058,4.03410635710381,21.7723491779025,14.714920235154,57.4487296195149,37.7777777777778,53.258,100.0,129.228,0.566466326409227,Country,0.0,Developed
Small states,51.9275948240725,0.436213397447424,13.9696187481822,9.60281404626532,24.4548349767247,52.4118314505274,21.6539717083787,50.2891945881061,94.7947483488559,143.1,13.0,Region,0.0,Developed
Solomon Islands,30.6617188562194,1.43377605751541,37.5652370138132,3.63880282910847,36.9703661385892,68.3761263483294,6.0,82.442,81.3,62.0735,3.73435012480591,Country,2.0,Struggling
South Africa,63.6917984858172,0.948578360925443,18.7930832437202,6.69054794339382,25.8837591619497,48.3114173367099,44.702842377261,52.992,87.7,171.509,43.7202551331462,Country,0.0,Developed
South Asia,35.462858724308,0.383088344057372,42.5777819368934,7.13176952348553,25.0021312578236,47.3788256908965,16.2691652470187,33.8938429499535,99.4087889697405,83.4,2.8,Region,1.0,Developing
South Asia (IDA & IBRD),35.462858724308,0.383088344057372,42.5777819368934,7.13176952348553,25.0021312578236,47.3788256908965,16.2691652470187,33.8938429499535,99.4087889697405,83.4,3.6,Region,1.0,Developing
South Sudan,21.3768190444906,3.54321935920997,59.2479056751547,2.99167528264649,38.917470670119,72.1441308683101,32.3636363636364,71.341,5.4,46.6152,13.9825812737537,Country,2.0,Struggling
Spain,80.315199821207,0.0771944778325921,3.62236443804078,21.1454438932121,12.9217448695747,51.6695519755033,44.2857142857143,52.598,100.0,127.715,0.690855954769765,Country,0.0,Developed
Sri Lanka,20.2996997058686,-0.743829561428402,26.2600807718534,12.1039396323455,22.0302867118189,51.8239202756772,10.0,31.567,100.0,142.277,3.31094038448808,Country,1.0,Developing
St. Lucia,29.0973354237452,0.256128361264944,10.3861297687192,9.61675943775436,17.5369345762156,37.2759418651718,11.1111111111111,62.868,100.0,98.6676,39.0440891432332,Country,0.0,Developed
St. Vincent and the Grenadines,47.8487050456749,-0.952135256132699,9.60227539842979,11.8912499006122,21.2913453128727,49.6601169138318,21.7391304347826,55.812,100.0,101.631,51.3212761232698,Country,0.0,Developed
Sub-Saharan Africa,44.1492227579695,1.53376233074266,49.0155812778031,3.1923370962325,40.7033206410008,78.9894151364192,26.87765706188,64.85114467279,53.2558710664349,89.2,12.2,Region,2.0,Struggling
Sub-Saharan Africa (IDA & IBRD countries),44.1492227579696,1.53376233074266,49.0155812778031,3.1923370962325,40.7033206410008,78.9894151364193,26.87765706188,64.85114467279,53.2558710664349,89.2,9.4,Region,2.0,Struggling
Sub-Saharan Africa (excluding high income),46.4882760931144,1.48276507707923,47.3910266395812,3.187487043988,40.8927700045915,79.6441501174418,26.0487314745039,65.7900469764182,53.0069667981858,91.9,9.4,Region,2.0,Struggling
Sudan,34.8673015510839,0.698972617149083,39.7749696558281,3.30171309271226,40.471351616002,77.8507021774661,30.5164319248826,14.451,66.0,70.2084,5.1480839388,Country,1.0,Developing
Suriname,65.7641857200885,0.854921437772731,7.35899162980664,7.89928297955175,25.6391948060546,50.4628213246437,31.3725490196078,44.66,99.6,157.246,6.51946457704576,Country,0.0,Developed
Sweden,88.8559748346228,-1.68336201344775,1.77000108662705,20.7467682423653,16.9857798610144,60.5975578774891,46.7048710601719,61.679,100.0,140.266,1.14675703743944,Country,0.0,Developed
Switzerland,85.4615370020764,-0.576442460358525,1.90581356437486,20.0190518226838,14.9508108120831,53.7748649242138,38.5,62.036,100.0,128.64,0.597481940544685,Country,0.0,Developed
Syrian Arab Republic,72.0761345758254,4.79538746688427,15.0433414619892,4.74170917120154,29.1634383255752,51.2977156907185,9.6,13.339,88.4,72.4406,2.05938679956635,Country,1.0,Developing
Tajikistan,26.1788063651548,1.93115623451745,42.7393678145394,3.85166927070363,36.2614039233108,66.9813440301354,26.984126984127,31.77,100.0,126.161,0.892370798940089,Country,1.0,Developing
Tanzania,36.1684458862992,1.79345103285539,65.3711666250147,3.04500104922455,42.5361081072203,83.7597146713438,37.4045801526718,80.161,48.3,105.4,3.74921291744897,Country,2.0,Struggling
Thailand,61.8689338391321,-2.46984522494075,30.1095681583813,15.3627543814492,14.7494821643648,43.0865648827834,19.4,58.853,100.0,168.643,4.79225300638159,Country,0.0,Developed
Timor-Leste,28.6641074179574,1.07819464788876,36.7979525335544,5.2777020186515,33.6584470791168,63.7629138391458,35.3846153846154,60.991,100.0,112.647,4.06594633033822,Country,1.0,Developing
Tonga,21.1505271125521,-0.408218380247793,26.2915854119976,6.71559051792408,35.4032378054341,72.7669242760954,7.14285714285714,41.74,100.0,61.7258,0.946346864516251,Country,1.0,Developing
Trinidad and Tobago,53.961056681951,0.0441391055819296,2.91925076739961,12.3783519031106,17.7602988231385,43.1406495832357,28.5714285714286,49.685,98.7,134.231,40.4432986623964,Country,0.0,Developed
Tunisia,70.3585355691955,-0.486871079868162,12.8477355344223,9.52962134652384,24.03896145257,50.531188748014,15.6862745098039,26.654,100.0,134.136,4.69348024650292,Country,1.0,Developing
Turkiye,89.3443122873887,-2.75578594443921,14.6427031709779,10.2841810756946,21.4489074757866,46.483848695231,19.8664440734558,36.311,100.0,105.684,3.22789482308636,Country,0.0,Developed
Turkmenistan,47.0875253910294,1.71351515101806,22.2477916328642,4.53024308431045,31.5068646687967,56.3406372282943,25.6,48.669,100.0,88.1929,1.01355101620555,Country,1.0,Developing
Uganda,31.2777698213557,1.78087220013002,65.9125492565304,2.18856638123782,43.5430165404573,84.2692386918341,33.9317773788151,76.496,51.5,76.2967,8.97308867739149,Country,2.0,Struggling
Ukraine,69.5315643200148,0.153011345376944,14.1162036397552,18.9624484896371,13.8885360192623,48.9225090613665,21.0918114143921,47.739,100.0,122.758,3.77663964401616,Country,0.0,Developed
United Arab Emirates,85.8171088279791,3.63778887848018,1.34646822552246,1.76696037563358,16.1109795668483,21.769960468876,50.0,54.095,100.0,199.424,0.693218125037315,Country,0.0,Developed
United Kingdom,83.2429544416085,0.573283875841419,0.986473795910372,19.4997673608515,17.1850467046133,57.9399912449235,40.4615384615385,57.279,100.0,122.796,1.11868407522333,Country,0.0,Developed
United States,80.1247798047184,0.709015702798114,1.5696099166759,17.9287302134033,17.3245769214436,54.4480428025866,28.735632183908,56.51,100.0,112.411,5.76340794073065,Country,0.0,Developed
Upper middle income,69.6504814791859,-0.933769061105967,20.4357958525794,12.0128164260047,19.5247135600347,46.1847374818197,27.1534180579782,53.46812808248,99.4286124139067,129.9,5.7,Region,0.0,Developed
Uruguay,95.5981951588181,-1.26849340411436,8.70560871291987,16.0451929855644,18.2929719075618,52.2955026226606,28.2828282828283,57.328,100.0,141.719,11.2453054170348,Country,0.0,Developed
Uzbekistan,50.9986686706543,1.96619531167114,13.8767744923336,5.86451589287555,31.1034262577169,58.6494292141216,38.0,39.408,100.0,106.885,1.39879762685076,Country,1.0,Developing
Vanuatu,22.2866933360645,2.2458491143987,43.6231566652066,4.29574940317746,38.3139477236845,74.2451305605171,1.96078431372549,53.741,61.6,89.2943,0.3346065111081,Country,2.0,Struggling
"Venezuela, RB",89.285859883201,0.0316471454402393,10.6310221035829,9.67921120184184,25.5270054158092,54.3357993626306,22.1556886227545,37.694,100.0,70.2197,12.6466448562847,Country,1.0,Developing
Viet Nam,38.4900703430176,0.0474117629437474,32.9841882562675,9.04718319297274,23.2240051365074,47.6476510341859,30.6288032454361,69.126,99.8,130.991,1.53501286347562,Country,0.0,Developed
World,57.5634797111357,0.363895371398481,26.0799884617617,10.2004066703366,24.7264983832487,54.7447998474278,27.0344977100892,49.1066352074713,91.5991774421992,110.4,5.2,Region,1.0,Developing
"Yemen, Rep.",36.8077517596594,2.60783530105985,28.5578803115106,2.52303760097367,41.1284265424891,77.466898203994,0.0,4.907,83.6,50.8938,5.80971851623815,Country,1.0,Developing
Zambia,45.4703838491279,2.00488822435455,55.4452617561748,1.9467528327704,41.4573443514813,76.6912407389232,14.9700598802395,53.852,51.1,102.062,5.20150860823759,Country,2.0,Struggling
Zimbabwe,39.8933716820696,0.784839959040843,52.5333891842045,3.60165374437779,40.873763046968,80.1004117942445,28.0898876404494,59.618,62.0,91.6344,6.75833125350771,Country,2.0,Struggling
