country,GDP_PerCapita_PPP,GDP_Growth,Inflation,Agriculture_Share_GDP,Industry_Share_GDP,Services_Share_GDP,Unemployment_Rate,Remittances_GDP,High_Tech_Exports,FDI_Inflows,Category,Cluster_ID,Cluster_Name
Afghanistan,2201.72290691677,2.26694373649188,-6.60118564073726,34.7432471445174,13.4498227120978,46.3743698691993,13.295,1.8656461200228,0.0,0.0,Country,2.0,Struggling
Africa Eastern and Southern,4635.7882240455,2.76383869054277,4.48978854243448,15.2652577337707,25.9484293974406,50.6849835329271,7.7727048111679,1.68763948247491,5.92482474373175,1.96296541978365,Region,2.0,Struggling
Africa Western and Central,6815.99096115117,4.5856736208091,3.60804426950566,22.5554093483584,24.1765434821094,47.9279211581157,3.21831342109344,5.24705268460074,3.14322306755451,2.54789582133964,Region,2.0,Struggling
Albania,26693.1934374653,4.04592845095348,2.21587375089999,15.4519031294331,22.4011031082403,48.6899937474805,10.25,8.40939322766939,1.52935344981595,6.32349466068578,Country,2.0,Struggling
Algeria,17620.7423956126,3.69999999907979,4.04611455313434,13.9597061505767,36.1956789537864,46.7949847002474,11.427,0.667941907847866,0.960396672710236,0.455370730483787,Country,1.0,Developing
Angola,10118.6089945408,4.42390664406875,28.2404948915772,22.0693262844667,34.56731745622,41.0551859909358,14.464,0.0505345581578213,16.6897206933082,-1.0986881170909,Country,1.0,Developing
Arab World,18870.3148110507,1.70353102787844,2.10135577419612,5.38212011018352,42.7242298538505,49.1079024652188,9.45986362744839,1.68105964107084,4.96255409646317,3.53865188809225,Region,1.0,Developing
Argentina,30431.1931223693,-1.34293072157739,219.883929014578,5.80601710915959,23.9965975604249,53.6514046050424,7.876,0.163599877828893,3.85019697474113,1.82409522925391,Country,2.0,Struggling
Armenia,22823.1795255693,5.90000000046228,0.269511978259125,7.80588621754673,22.8570663651858,61.9893697453885,13.329,4.92468775781423,23.6403270515259,0.506878336560983,Country,1.0,Developing
Australia,71410.4198745406,1.37340773365975,3.1616142830575,2.03565265249391,25.5307319894404,66.1399054113301,4.072,0.107763845727817,25.1586416457084,3.07057350791928,Country,0.0,Developed
Austria,71621.8033644832,-0.659089573171372,2.93791574279383,1.21663375792448,24.5834201904085,63.9706809373681,5.439,0.651189560177177,18.4525766859019,2.55351579610657,Country,0.0,Developed
Azerbaijan,25088.9993757134,4.07140205008956,2.21217188919901,5.65717090005303,42.6119822379825,42.3163443805061,5.594,1.81882789681566,2.91095088102775,0.311206693209432,Country,1.0,Developing
"Bahamas, The",41197.9342548477,3.37866553336166,0.409162489083286,0.514754181193472,9.62558738820676,77.1859683694609,8.463,0.416407710575514,0.0,1.51932088638775,Country,0.0,Developed
Bangladesh,9646.76984383255,4.22325911250161,10.4657482763412,11.1648014276903,34.0971743458877,51.4166555046575,4.68,6.13093398410378,0.539452073551698,0.341680903062718,Country,1.0,Developing
Barbados,24822.5343309908,2.4822621396186,-0.440112940205204,1.57507618647515,12.3572128753476,75.5343055861191,7.529,1.13597391988584,19.9263557583818,4.04185101459713,Country,0.0,Developed
Belarus,33010.3307605357,4.00984852465452,5.78531910427999,6.86597984969187,30.7081725380272,49.6802343028905,3.361,1.81319105202764,6.01576846359853,2.28598440253164,Country,1.0,Developing
Belgium,72236.9050549712,1.07045413019414,3.14349136500041,0.791636827597192,18.7357058631394,70.9861225353144,5.488,2.3058808956455,19.5770790979284,-6.1601989579997,Country,0.0,Developed
Belize,14346.5188049737,3.50466435023895,3.28955985952768,7.94787809260727,14.5714201512027,62.4409630969452,7.0,4.81171408822687,0.0001910876991115,4.00992513639046,Country,1.0,Developing
Benin,4434.5642184028,7.45311566226201,1.16093089640415,24.2317229519649,17.3838276050023,48.8795399933978,1.722,1.09690827945195,30.5389584270212,2.5276563137227,Country,2.0,Struggling
Bhutan,16215.1520073153,4.63215704523927,2.76131569624098,14.9931086936318,29.4044714570934,52.7907800936768,2.856,3.58251575182779,0.0107261524845822,0.39550137700555,Country,2.0,Struggling
Bolivia,12877.6351184372,-1.12335595517212,5.09976568317427,8.82625884280481,31.2590732889611,53.36246116287,3.091,2.34124280496525,8.79395083358911,0.53189084753403,Country,1.0,Developing
Bosnia and Herzegovina,22955.7616198884,2.9715174617652,1.69212733599724,4.53391375315725,22.4260971974355,56.5588566046908,10.723,10.5502824361912,6.16317357059664,3.39024835333872,Country,1.0,Developing
Botswana,20538.1320178889,-2.98986879467928,2.81835131676251,1.71216219230959,29.3592759128261,63.4944869983258,23.138,0.661264409337821,0.539469030954736,2.40833479893043,Country,1.0,Developing
Brazil,22338.4765640635,3.41931516597739,4.36746407652337,5.7522764094249,20.9406935313888,59.1707527174248,7.634,0.224281814146123,11.1103644206652,3.38960802616211,Country,1.0,Developing
Bulgaria,41519.5397897491,3.38709063847314,2.44651943006079,2.35105625712058,21.1316956323365,63.7625806598714,4.104,2.3318173189881,13.4299683659831,3.06666409872945,Country,0.0,Developed
Burkina Faso,2895.89152033665,4.79980951667159,4.19081721344523,20.9326147949123,26.5145073963928,43.9471331300685,5.166,2.55138115666637,1.64548901950889,0.358681465803854,Country,2.0,Struggling
Burundi,1194.94681370387,4.11227376264944,20.2124925027847,34.9089728751407,17.6555373481347,43.22195252649,0.902,7.68504980490069,1.30508367041098,1.08105925624791,Country,2.0,Struggling
Cabo Verde,11195.1205312923,7.24388538990945,1.04817001091965,4.91558593625836,10.6673986664263,68.7245545404623,11.878,12.2547354812686,1.15215005835922,4.03361601888808,Country,1.0,Developing
Cambodia,7966.87352428705,5.97510939607335,0.808042016536654,16.576872609135,41.7506561774631,35.5947222438947,0.27,6.10087598628419,5.26214140574212,9.48089832015712,Country,2.0,Struggling
Cameroon,5588.98645861945,3.52472308052245,4.53331349711606,18.4619478775351,23.2350957105105,50.7191439587575,3.518,1.18206205475891,2.10363029161033,1.73608356353391,Country,2.0,Struggling
Canada,65463.0990993361,1.55479521049516,2.38158383281173,1.59798786504057,25.3317475177596,66.3883076597889,6.45,0.0379490070926433,16.7779029827711,2.62061735557111,Country,0.0,Developed
Caribbean small states,38624.0605441698,13.3129250895082,2.56921890367726,3.41414928376689,37.1434993408655,52.0757212447216,7.42393891631139,1.7662541890939,4.36134895566411e-05,10.6470259138422,Region,1.0,Developing
Central Europe and the Baltics,49854.8257191487,2.0701601704917,2.75760909424272,2.44194375643594,26.0454530207636,60.5064509895957,3.86713329021602,1.79024923465765,15.5916098180993,-0.145380982981174,Region,0.0,Developed
Chile,34637.1168279143,2.64431154871538,4.29763891572524,3.91236351235161,30.0858422756464,56.0774691835569,9.056,0.0303210305442313,8.31650307450688,3.79129110936144,Country,1.0,Developing
China,27104.8702677463,4.9773565917572,0.218128938439177,6.77599881291286,36.4756594453045,56.7483417417827,4.571,0.16757857471,26.2777380479223,0.0989988051182737,Country,1.0,Developing
Colombia,21508.7802475454,1.5983315366523,6.60908593728228,9.28279635992211,23.0607806747001,58.1429719176746,9.608,2.83493751117081,9.02469704912672,3.26725610813097,Country,1.0,Developing
Comoros,3958.53228789687,3.3381010943571,5.05192609588218,36.6265029276374,9.55716190941501,50.070252624186,3.875,19.6005062212167,3.13907204820087,0.492716315085539,Country,2.0,Struggling
"Congo, Dem. Rep.",1821.04868718058,6.12675551779212,2.88585107289988,9.63547904603754,39.869084235537,46.5724593741029,4.556,2.81943987261584,0.199611665225369,4.10789956662809,Country,1.0,Developing
"Congo, Rep.",7026.36223281494,2.57966943921721,3.09143630919166,9.44033974046224,40.121557238814,45.0183730208308,19.694,0.279898466738253,3.15972234574724,3.83980276481754,Country,1.0,Developing
Costa Rica,30062.8491604466,4.32122429646145,-0.412853001047069,3.56242614167823,19.7069225452506,68.7833462139086,7.848,0.760139316219948,22.8587994049653,5.55680052586902,Country,0.0,Developed
Cote d'Ivoire,7669.23195715687,6.01953461940062,3.45053028131019,15.8594343780948,24.0438599104554,51.8581209074307,2.288,1.25124580533571,5.25759412069948,4.36457249882293,Country,2.0,Struggling
Croatia,48816.9480032684,3.82688702890739,2.97200477643618,2.89588951437996,19.1915825783267,60.8374324880176,5.236,7.24775453675997,11.6739199311189,5.01735082932958,Country,0.0,Developed
Cyprus,61271.8203125,3.94077381708404,1.80023018624815,1.15512812146527,11.1357928688814,76.4769046707826,5.602,1.79895977387556,18.0329234506901,-133.824278977736,Country,3.0,Economy Hub
Czechia,56686.5453488007,1.23308611983484,2.43531202435314,1.89923535118143,29.2098380644386,60.1721452763251,2.506,1.22408277522885,22.4045215279558,3.76083530894919,Country,0.0,Developed
Denmark,79514.2854383058,3.47783593140312,1.37220049768918,0.927722262099888,24.1417253330521,63.5495635161649,5.587,0.357925352388462,17.6194498489345,4.36742106623918,Country,0.0,Developed
Djibouti,7810.27869066792,6.98048467276334,2.07655387954199,2.5119476858486,15.913892950777,76.0847593876274,25.875,1.3486328033841,3.27550022198031,1.63337101411676,Country,1.0,Developing
Dominican Republic,27541.6625283384,4.95352204492849,3.30223338951227,4.45398448187972,28.724388436827,59.8121925635257,5.473,9.04956290595841,7.68868351413961,3.6013993607877,Country,1.0,Developing
Early-demographic dividend,13961.0929705369,3.66894359356225,3.29589662451998,10.8126207052043,32.4003843575144,57.8036029225153,5.29873898579239,3.25156238686934,14.1767489974151,1.7232690119403,Region,1.0,Developing
East Asia & Pacific,27212.1652034798,3.79010550023051,2.3556272611928,5.59682081209811,34.1703069706237,59.7384648383186,3.78321987995003,0.447949356636557,34.6805931538031,1.50719502785331,Region,0.0,Developed
East Asia & Pacific (IDA & IBRD countries),23509.7241651154,4.96151507087529,2.23172772921704,7.46664149036025,36.4005261441141,55.6212481323525,3.90185859989858,0.543320510857501,28.0181565039566,0.503140789171195,Region,1.0,Developing
East Asia & Pacific (excluding high income),23248.0251794368,4.96144388249684,2.31848172887108,7.47924991372343,36.4067585951681,55.5949652480887,3.88578969882738,0.543314430753636,28.0181565039566,0.503170764642717,Region,1.0,Developing
Ecuador,15840.2668567412,-2.00125476341026,1.54732515615369,9.47610095074641,26.5126558399741,57.156644024501,4.773,5.24908721771676,9.99836390672699,0.351273628680274,Country,1.0,Developing
"Egypt, Arab Rep.",19094.1449444111,2.3991692678251,28.2705899322083,13.7121128792805,32.5624789967949,48.932455490468,7.198,7.59757023635599,3.81290087814207,11.9719350883142,Country,2.0,Struggling
El Salvador,13264.027090968,2.60202016121069,0.853782292567288,4.38040930910144,22.4383118205139,61.0366871615294,2.839,24.0022976620619,5.47333119441725,2.61241857793703,Country,2.0,Struggling
Estonia,49321.0450049538,-0.0900428648493801,3.52056053296586,1.76684782957851,20.148164473251,65.6971144966199,7.828,1.15061249841648,18.382980141257,-7.97097840452121,Country,0.0,Developed
Eswatini,11799.2028793201,2.97391075973985,2.59801620311077,6.477307702895,34.7365662380883,51.3633744946129,34.4,0.68629088651435,0.285307158606886,1.55448906259813,Country,1.0,Developing
Ethiopia,3287.53492158893,7.61277447511073,21.0377460577711,34.7737782043855,25.3549716564031,37.4719406432574,3.398,0.327233220915485,3.75062055802087,2.68582028016447,Country,2.0,Struggling
Europe & Central Asia,51720.6321358474,1.56624845618092,2.75760909424272,1.97080249580781,22.9337441546898,65.3643363776306,5.36753794530394,0.800152704807329,21.342958137885,0.513432595107007,Region,0.0,Developed
Europe & Central Asia (IDA & IBRD countries),37934.3716320538,3.80534822218806,3.63700046769908,4.23874979226045,27.879321081441,57.7351119046753,4.72766303570866,1.53864218964077,12.0811059803572,1.0532319850595,Region,1.0,Developing
Europe & Central Asia (excluding high income),29111.7536042373,3.98239471295983,3.48974086026947,6.56527607843324,26.6498664572621,56.2544636961472,6.9068039628902,2.66887493204631,10.6768815235078,1.5589078174371,Region,1.0,Developing
European Union,62455.2182196662,1.06455789818658,2.43531202435314,1.61420719746069,22.2723760079881,66.045750488089,5.91852671448482,0.81155181940324,20.4787203722281,1.55477768497406,Region,0.0,Developed
Fiji,15450.2993265388,3.53085896076352,4.51138256524155,13.190027700831,16.4638965835642,54.5684210526316,4.307,7.207847721969,2.99874841417736,3.41791314561773,Country,2.0,Struggling
Finland,64288.5540142016,0.416171964862073,1.56568906231616,2.46735975474973,22.7842138257665,62.2144997698967,8.26,0.250727316304901,9.28522659633957,2.92666706920425,Country,0.0,Developed
France,61290.4238254531,1.19046798275883,1.99904942291463,1.29979455802577,17.2101481972036,70.9141844211851,7.37,1.22689654507268,23.1371073769038,1.64700185498585,Country,0.0,Developed
Gabon,21510.1725307344,3.39403899592401,1.17311998381218,6.55914438063524,52.9002411654134,36.8219109135811,20.061,0.128331390945391,1.77313570365975,5.47750591310442,Country,1.0,Developing
"Gambia, The",3475.61245701341,5.55126069510321,11.5610532897511,20.4335632419718,15.3332836096686,56.7898192312049,6.496,21.9990431938039,3.34757896376015,9.66186331873299,Country,2.0,Struggling
Georgia,28285.0732802982,9.67979387500691,1.10971758022096,5.48544272121412,19.5837398345335,61.9845889346039,11.48,11.8704808635887,3.738576186924,4.68837813919395,Country,1.0,Developing
Germany,72295.2353730129,-0.495851897260366,2.2564981433876,0.914397651173374,25.6229541900267,64.0456505820091,3.406,0.452984461006563,17.9772990379432,1.01586176558023,Country,0.0,Developed
Ghana,8019.99702389611,5.59045469593266,22.8483281157842,20.8867457674884,31.519769781916,40.9369495390296,3.007,3.67815124775026,2.11003762211445,2.14505298599888,Country,2.0,Struggling
Greece,44005.1289320493,2.0865743380603,2.74149045788606,3.765512541308,14.9985220031197,68.0104871945665,10.133,0.219111411118225,15.011494857431,2.6312519942121,Country,0.0,Developed
Guatemala,14368.6605681815,3.65186382894819,2.86992752918294,9.7799315643005,21.7347298279081,61.839861654601,2.219,19.1206727962629,5.39604303984542,1.63251851384265,Country,2.0,Struggling
Guinea,4565.3007888456,5.35004659051708,8.12313914948596,30.9605751418076,25.1163848517075,36.3402000064846,5.23,2.46482438123278,0.899971742078623,5.60537419672227,Country,2.0,Struggling
Guinea-Bissau,3119.37157047437,4.14631137217332,3.76555825770114,42.1674326567232,15.6143788633346,37.8848107222008,2.622,9.2908492540305,5.80645161290323,1.19934431593949,Country,2.0,Struggling
Guyana,80155.03939277,43.8193108024355,2.90395226446373,7.62253326656522,76.0337794804727,14.4608458483035,10.165,2.43282268689805,13.3341087055182,34.9900722943113,Country,1.0,Developing
Heavily indebted poor countries (HIPC),3611.76258813976,5.14470675657981,4.56976223919357,21.5165796255937,27.5724499367574,43.5721271666323,4.21260389549363,4.11490465793006,2.96092659452304,4.14667941193411,Region,2.0,Struggling
High income,66462.646837477,1.95000793704465,2.38554753438095,1.28204452275933,22.1805759625661,69.4811302417796,4.39896976372422,0.294266392792247,25.8431991043031,1.41360110149099,Region,0.0,Developed
Honduras,7486.01869616445,3.55397003296669,4.60621098127107,11.2186537185053,26.1259397552196,58.4090033001636,6.061,25.6991309025944,3.87334759570957,3.52903749551745,Country,2.0,Struggling
"Hong Kong SAR, China",75195.9865970615,2.50498758466826,1.72972119105914,0.0374477102095245,6.19613151610629,91.7510158754355,2.793,0.11366148897127,75.5706908349979,28.7630942369098,Country,0.0,Developed
Hungary,47637.1359877091,0.560117843140432,3.70370370370369,2.71112134044753,23.693891331248,59.5231534203363,4.434,2.46145540911402,20.0996259812318,-27.9229280333136,Country,0.0,Developed
IBRD only,21078.259126891,4.35176424289571,3.48974086026947,7.70004819602647,33.1223319804589,57.7564469055898,5.10811423830388,1.28858803818771,21.5227144328097,1.03352078871517,Region,1.0,Developing
IDA & IBRD total,16755.104865666,4.34846625464446,3.62109273885843,8.4926899261341,32.6934790233352,57.0731377155486,4.9757341917256,1.64596518620354,20.9934115192892,1.11867179894147,Region,1.0,Developing
IDA blend,7631.62285195617,4.05581991807422,3.45053028131019,21.2057375547189,22.1473560382595,51.1429629104399,4.3746184268031,7.57675932303975,2.93703773248515,1.24109730897712,Region,2.0,Struggling
IDA only,4697.56142203105,4.54306460750762,4.19081721344523,18.9002260223486,29.3695548629941,45.7248826185129,4.66770531869599,6.25379640834154,4.10574492634911,3.08704607205169,Region,2.0,Struggling
IDA total,5710.14462861054,4.30577432199132,3.92206330291068,19.6992462754974,26.5817586657965,47.7462548197852,4.55941592794588,6.78267734706981,3.59334581990031,2.35492425599877,Region,2.0,Struggling
Iceland,81924.411472168,-0.970676468918384,5.85683849970066,3.98201137564491,20.0940830059377,64.8920846344191,3.107,0.739962768086762,53.9722930663779,8.11751049330284,Country,0.0,Developed
India,11159.9856476091,6.49476552383821,4.95303550973656,16.2854335605917,24.6285041297852,49.874440225505,4.202,3.52118550357421,18.5723946411049,0.694133152879562,Country,2.0,Struggling
Indonesia,16448.2755179559,5.03034469419038,2.18151273615189,12.6086658797584,39.3184857249869,43.7719167888796,3.3,1.14863323387459,8.71104390371756,1.73651146010755,Country,1.0,Developing
Ireland,130797.489686919,2.59946721553708,2.11344999577317,1.02114448018423,33.6325795420542,60.5635643631863,4.369,0.107757774289943,53.5184328432158,0.791076186083952,Country,0.0,Developed
Israel,55690.7391030986,0.871968424377442,3.07480889805025,1.28207722826492,17.3458552066585,72.5367368776929,3.15,0.176227865346397,37.2335173751738,2.73472411141711,Country,0.0,Developed
Italy,60881.3726392071,0.692676948440536,0.982373023061417,1.99727734716288,22.3316588315233,65.0483624576143,6.778,0.468400220480969,11.629880473073,1.13001784266315,Country,0.0,Developed
Jamaica,12890.2660051472,-0.535039063867487,5.41194447981659,7.96876352019587,16.4757796489003,59.9583265823094,4.885,16.1911212088802,2.64698979146794,1.38581813054415,Country,2.0,Struggling
Japan,51685.038752551,0.104309021773304,2.73853681635241,0.937452748505902,28.6021835997719,69.7727958101915,2.563,0.115309420280122,17.5547415163067,0.426414527229498,Country,0.0,Developed
Jordan,10821.4909765317,2.48889409603647,1.55659611283953,5.06726012545217,25.1350172397528,60.3920761551012,17.996,8.30541068744501,2.08415985427159,3.06387579665258,Country,1.0,Developing
Kazakhstan,40890.9317694408,4.99999999996936,8.83943897452672,3.88229151651226,32.112807813811,57.9427973400804,4.794,0.08260553410117,42.19530029659,0.678943746848058,Country,0.0,Developed
Kenya,6644.13093243895,4.72473994710138,4.48978854243448,22.4728462758555,16.4676669412723,55.3035358055896,5.434,4.15476886041749,3.15003013612034,0.385110027210407,Country,2.0,Struggling
"Korea, Rep.",58894.9975738434,2.00361101838986,2.32174328643542,1.45825105459538,33.9025438024037,57.5005082410932,2.604,0.397219091099879,36.2582559366674,0.811874572082119,Country,0.0,Developed
Kuwait,52443.5969223626,-2.56011099967517,2.89855072463762,0.492980678536301,57.1268652520388,55.8544139729526,2.144,0.0127258921481448,5.82777648932315,0.383567812220823,Country,1.0,Developing
Kyrgyz Republic,8012.45464442194,9.04013556120012,10.7532770416742,8.60760362906387,24.7426957796029,52.1398197179977,3.289,17.7363196361325,10.6711117431705,4.03548948093475,Country,2.0,Struggling
Lao PDR,9775.82817381023,4.13019264436937,23.1305695942588,16.771883812878,29.0463781785597,43.534650358474,1.218,1.49419709212958,7.41963729583454,5.98958863567394,Country,2.0,Struggling
Late-demographic dividend,28257.5016597509,4.48755005392181,2.90125149455067,5.94591220417333,34.1113217614521,56.902551800355,4.64925082241822,0.52689002621574,28.1049562617221,0.801775306116476,Region,1.0,Developing
Latin America & Caribbean,22880.8747264858,2.25365117533336,3.46497037946077,6.53293593840574,31.3256460779393,67.5873139684766,6.23851971173158,2.48742975811471,13.1169335716997,2.81613220040643,Region,1.0,Developing
Latin America & Caribbean (excluding high income),21785.0044376558,1.97324501012739,3.83540271728533,5.66858004923563,25.9165369527242,57.9914638975884,6.14112553187049,2.72395578771345,13.6398614817197,2.72408595601313,Region,1.0,Developing
Latin America & the Caribbean (IDA & IBRD countries),22759.1070103633,2.27814705092769,3.62770736940927,6.77684674936527,31.3604728768101,67.6380637072029,6.31153788497579,2.49290679125296,13.1637338792829,2.81888190521712,Region,1.0,Developing
Latvia,43780.3830227833,-0.0461080109713521,1.26579885828729,4.04219078834273,18.4909914229206,64.6029356314433,6.72,3.06291232632615,17.4901914812882,3.46583040049498,Country,0.0,Developed
Least developed countries: UN classification,4463.99564225244,3.85645809654658,4.50346801326901,19.8971121253134,29.5745960090567,44.8289012707691,4.89153403312394,4.62110984550305,8.04225673379678,2.36071374540435,Region,2.0,Struggling
Lebanon,12574.8329116403,-0.760584470257314,45.2430422716718,0.966455367369224,2.0863020184691,42.3804623372256,11.543,33.349773045666,2.89591276881506,3.26435467389127,Country,2.0,Struggling
Lesotho,3001.16311951334,2.85452253179545,6.10544624245032,6.50245582420134,30.9373582742703,48.0439628685052,16.147,20.9449474559221,0.0895832496967832,-0.5534084172031,Country,1.0,Developing
Liberia,1871.04406164262,4.02185464964835,8.21497439118964,33.8327272928139,22.652179108455,41.9269228267256,2.882,14.2280223452765,0.643718596498284,15.6254127041886,Country,2.0,Struggling
Libya,14303.8087736988,1.89995052025442,2.12615766885025,2.39197609901835,73.4971404182672,28.3399914639351,18.615,0.0266248516242474,0.604680774692483,0.0,Country,1.0,Developing
Lithuania,54409.7628404261,2.77263124530285,0.715735835228723,2.57325294659349,23.394637462385,63.5886178536833,7.504,1.2386313559318,17.3245400755804,5.53816765536591,Country,0.0,Developed
Low & middle income,15770.817773338,4.36075037491025,3.6966328135552,8.81860189144634,32.211878676148,54.815787008362,5.0410495238854,1.75483093409705,21.9493309232741,1.10185759919456,Region,1.0,Developing
Low income,2353.04878368784,2.32616172345092,4.19081721344523,25.0522361538084,25.662402200015,43.8164623047779,5.09045737338359,3.58651414317629,2.11978789576814,4.13067892118589,Region,2.0,Struggling
Lower middle income,10225.4422860088,5.17324978806559,4.60621098127107,15.704575746726,26.6629267817806,50.181637044361,4.40371499167412,5.28488130853888,21.5562823901681,1.82404345633235,Region,2.0,Struggling
Luxembourg,150929.364202573,0.35861253942069,2.05113269954859,0.20948876007365,9.65986766346083,81.1809383770858,5.935,2.6796497771042,5.0736120319212,113.622225285264,Country,3.0,Economy Hub
Madagascar,1883.5374311384,4.19999999988647,9.87432675044888,22.4578773705892,22.7896189214419,47.7176150614467,3.012,2.2117061948665,0.478060054077076,2.37254231879796,Country,2.0,Struggling
Malawi,1857.61756950305,1.6734340852915,32.1796504225025,31.774775046638,17.0687636556069,44.2065590810766,5.045,1.65044236586352,1.64552794448662,2.27963607830505,Country,2.0,Struggling
Malaysia,38779.2830442253,5.10545921024041,1.834100204499,8.12846782241948,36.9733732564335,53.7203005018668,3.826,0.380193528996402,58.6276748543331,3.6930953933026,Country,0.0,Developed
Maldives,26182.7831570917,3.49440422654285,1.39979779674928,3.84195889727814,9.19750765842896,72.0973260767818,4.636,0.0800427681119482,0.0022705678515537,11.416720004027,Country,0.0,Developed
Mali,3314.77332231959,4.99226917482922,3.2063986409966,33.2515839930836,23.4585096624927,36.314957700289,3.06,4.08486058218657,5.3606547607953,2.64451843361804,Country,2.0,Struggling
Malta,69832.1871006218,6.79990300224401,1.65079469283109,0.225064607054737,10.6647509488158,81.772969602807,2.703,0.0627275385087571,45.179167089137,170.537958922807,Country,3.0,Economy Hub
Mauritania,7368.75275290214,6.30760213290844,2.49164347481972,19.3310648282597,30.5052071100395,42.4294833153804,10.373,0.866706864831731,9.44834081238425,13.2039338372346,Country,2.0,Struggling
Mauritius,31839.7597535524,4.92512304864294,3.6045220384796,4.23214718404929,17.7933931023342,64.3722524144138,5.476,1.92045282657077,1.21703538647261,4.56073459342588,Country,0.0,Developed
Mexico,25738.603144294,1.42742769080466,4.72225588452932,3.72451065844835,31.7777432689428,58.1037604498508,2.711,3.64356639704934,19.3033812138817,2.44210008309848,Country,1.0,Developing
"Middle East, North Africa, Afghanistan & Pakistan",16242.8328307747,2.11232485351741,2.07655387954199,6.65551811619884,37.8192384548217,51.9842255903004,8.01234636616063,2.08632095460062,8.58757800098424,3.77648835172021,Region,1.0,Developing
"Middle East, North Africa, Afghanistan & Pakistan (IDA & IBRD)",11271.5643550071,2.41973722378488,3.0861361109923,13.2866430293117,33.2740041526689,48.9899918863808,8.88964406729558,5.52381707538066,2.76625579603697,2.30022569098929,Region,1.0,Developing
"Middle East, North Africa, Afghanistan & Pakistan (excluding high income)",11220.6069981166,2.22259348944316,4.04611455313434,13.2557672288999,33.1942269601177,49.1877671882995,8.88964406729558,5.52245036368703,2.7534454080497,2.29298684641368,Region,1.0,Developing
Middle income,17185.6977446427,4.38303528532211,3.6045220384796,8.62789909886883,32.2908796498532,54.9536396004451,5.03729410307044,1.73792122961291,22.0191595021227,1.0725948901386,Region,1.0,Developing
Moldova,18614.9880691203,0.103059364371205,4.67773516007052,7.10653748230631,16.7804760610209,62.2659566789328,1.434,10.5371328507027,2.92514721596985,2.51844626798863,Country,2.0,Struggling
Mongolia,19144.7261368498,5.12204539122661,6.20713301510303,7.2909521026131,38.1408816723984,44.3407185995683,5.424,2.217677569671,22.5365545669935,11.6924984371367,Country,1.0,Developing
Montenegro,34225.8729889066,3.16409886329913,3.33675009282281,3.49344410359799,12.1791547564628,63.7695853263977,14.1,10.3409065632717,14.4622662813729,7.24824965709432,Country,0.0,Developed
Morocco,10415.1240234375,3.79336515978963,0.985256592004507,10.5673287621047,25.6379794827026,52.7268616776438,8.943,7.78959024287823,5.43070567261144,1.02047789871899,Country,1.0,Developing
Mozambique,1705.37919520416,2.14854964610538,4.07856834812022,25.1764811733064,21.9003012294797,41.0964463998045,3.527,1.17349235648113,3.6302648420799,15.4256916399298,Country,2.0,Struggling
Myanmar,5997.46516323715,-0.97204641363362,8.82506696804558,20.8341766680744,37.8123706470066,41.3534526849189,3.032,1.55261998869075,5.19991999790977,1.47879223317634,Country,2.0,Struggling
Namibia,11686.6020661881,3.71154502416731,4.23903922877036,7.29120638562693,28.8634821730246,54.4586091697762,19.148,0.722804254065921,0.117288080576373,14.7630133885997,Country,1.0,Developing
Nepal,5736.62134332704,3.66537430744967,4.6850965426577,21.8720119555441,11.4245020172191,55.2184600452436,10.706,26.2254579224946,0.617520704475872,0.132590416512966,Country,2.0,Struggling
Netherlands,84221.9783775078,1.08100584845663,3.34754304219953,1.72968455863421,17.5234908357454,70.4906816195514,3.599,0.388451107837284,23.4680052763745,-1.40403571808501,Country,0.0,Developed
New Zealand,55624.9347220549,1.28862004711685,2.92279782301957,4.56898326146121,19.6044449752619,67.4102911392727,4.869,0.229921226554764,12.9670750449435,0.676410624636647,Country,0.0,Developed
Nicaragua,8708.79983051626,3.5878302292345,4.62473841057141,14.411507510728,27.5567949801144,46.8284069382544,4.574,26.6355465455205,0.596452227371355,6.86656428120852,Country,2.0,Struggling
Niger,2049.93305251019,10.3000000007793,9.07151997725013,34.4620899774356,17.5682015922691,45.0285833612677,0.355,2.85504369327868,8.61766309210248,2.64866797563967,Country,2.0,Struggling
Nigeria,9086.87550609627,4.06236408888319,33.2420966545406,25.8733343605401,18.1967486361818,53.729561736527,2.989,8.44081449065528,2.71167186435579,0.428249682662515,Country,2.0,Struggling
North America,83614.1345142565,2.69993075266272,2.6655545188319,1.01031703054188,18.475272284549,76.7083489309006,4.37803269034256,0.0384128000343342,22.911841443645,1.14815819720223,Region,0.0,Developed
North Macedonia,26536.0485130243,2.99373536567732,3.48974086026947,6.08292801881823,24.0675864525462,56.2488933827217,13.417,2.70304622678412,6.3599119716616,6.23445070666485,Country,1.0,Developing
Norway,101031.460599068,2.09723059960317,3.14530134431073,2.07595111116756,36.9541773996335,51.8077568320554,3.97,0.128465355114707,25.4139359384172,2.38733227052833,Country,0.0,Developed
OECD members,61288.33090119,1.80676868744595,2.76589367979522,1.44866444440077,21.8932359142346,70.2322858067896,4.90604918113983,0.376865062322313,22.2962904460233,1.042333546431,Region,0.0,Developed
Oman,41740.1658530012,1.63163221127449,0.593589236248469,2.60311077029303,54.1653226231175,46.013700099547,3.161,0.0364128462934954,5.00539346096146,11.6351181523148,Country,1.0,Developing
Other small states,29109.3163261512,2.8832579743179,2.06969770479834,2.90036125814303,19.7441812404393,67.1207509100612,8.42835126637849,1.92221506962465,23.639789353007,-2.82042163537267,Region,0.0,Developed
Pakistan,6252.11543199559,3.04898287335465,12.6325318530452,23.7432862338836,20.2457551236068,50.7319389342379,5.472,9.39634523470825,2.43815248015808,0.7166886452434,Country,2.0,Struggling
Panama,41369.422541499,2.74788545546916,0.693225551004538,2.68214078025339,25.5035525177363,69.3426627772372,6.518,0.614386086922541,1.7673082163249,3.74510335231647,Country,0.0,Developed
Papua New Guinea,4874.6899553589,3.79979560086888,0.602403921107917,16.9595908086069,36.2878065224517,42.0273807046412,2.741,0.0121574533707842,10.2480784684723,-0.6236311790975,Country,2.0,Struggling
Paraguay,18523.6810153,4.24996010464072,3.83540271728533,10.7149976827803,32.4816951610773,48.7451301791156,6.093,1.97532234343415,10.5004049492786,0.899561729911257,Country,1.0,Developing
Peru,17802.4182498972,3.30394098171516,2.00770739412712,7.3374218616047,33.9723838777869,51.2936105507675,4.828,1.70587702107004,5.21372377596414,2.35092628744149,Country,1.0,Developing
Philippines,11794.1375488492,5.69201612823412,3.21260487006347,9.08252678487007,27.6939779931321,63.2234952219979,2.153,8.72571015588724,60.975307025875,2.04498934693652,Country,0.0,Developed
Poland,50540.9320799713,3.02841630700273,3.7842600751287,2.54032372848325,27.2480779716168,59.1475357964785,2.472,0.946863310070558,13.5099699026858,2.24523191798779,Country,0.0,Developed
Portugal,50649.5102380857,2.13967177177636,2.41613187791884,2.02167120867754,18.6896910617551,66.2769355054703,6.384,0.587878277306539,6.77343918950435,4.30503475485494,Country,0.0,Developed
Post-demographic dividend,67438.3671946948,1.79546895973735,2.44091572720697,1.24496168963044,21.1561591061485,71.2991844780917,4.63490050303173,0.296736384567238,25.5955602081042,1.43246516750031,Region,0.0,Developed
Qatar,126046.354855612,2.35970586926597,1.26734310292375,0.287307333607437,58.236268915653,46.0697058735045,0.126,0.658475315636936,2.80655334313522,0.209965001654649,Country,1.0,Developing
Romania,48731.3249098489,0.916003764382594,5.72140574354439,2.81143528363417,25.2544803034454,62.5509064348212,5.379,2.490134665764,13.4497511493721,1.87134949618788,Country,0.0,Developed
Russian Federation,47404.96484375,4.34437475491529,8.43486410496723,2.74357243387426,30.7201326538798,57.5256119391898,2.527,0.0877632981361672,9.72984772707015,-0.43872586746109,Country,1.0,Developing
Rwanda,3710.86040434596,8.89065529573114,1.77029240198635,24.5807696089078,20.9658580178961,47.5501469376632,11.994,3.62796016715467,4.78472979585672,4.02009319742237,Country,2.0,Struggling
Samoa,8736.81606772538,4.74838445564714,2.17245530514377,9.79503060602777,10.5838860006744,69.3629975714968,4.551,24.0063248792493,76.6700641079328,0.318181346491415,Country,0.0,Developed
Sao Tome and Principe,6241.85614464638,1.09999940100751,14.3519273571008,12.5052804435914,2.83446203881425,80.3417493068885,9.17,9.7475517038659,29.2734328924522,-2.02904327860989,Country,0.0,Developed
Saudi Arabia,71375.3727890285,1.99650173436159,1.68792112375809,2.53573305211338,44.9344380522779,47.0745603554281,3.896,0.0273000004265027,0.544002126713625,1.72104243015611,Country,1.0,Developing
Senegal,5070.6486207418,6.06055141198976,0.804503298792438,16.6344112501138,25.0130798228271,48.4090429943812,2.992,11.4301192710456,3.0439766592332,6.1461393599949,Country,2.0,Struggling
Serbia,32233.760327554,3.94992622592932,4.6705297488997,3.17227014092271,23.0721503113166,58.7832317170655,7.39,6.39659640162289,4.54619756956742,6.20170332537196,Country,1.0,Developing
Sierra Leone,3522.30588009119,4.29322336690163,28.6337500014115,29.15848297879,25.5643098606236,42.5650434678431,3.126,4.61338088821511,0.736114020377876,3.93049776242859,Country,2.0,Struggling
Slovak Republic,47180.8487662884,1.93867445549446,2.75760909424272,1.58278262269337,28.9374799550748,59.9609861243037,5.234,2.09641430973557,10.5935553645599,3.55503662060591,Country,0.0,Developed
Slovenia,56502.0375242201,1.73139722479493,1.96562656432512,1.53730419088458,29.0665685208903,57.9394382652417,3.357,1.24322954820764,8.34338034336379,2.5587649173879,Country,0.0,Developed
Small states,28457.6242126332,6.12150935431906,2.45545072159028,3.59354987952712,24.6243590812621,62.3719314693087,7.56700147625526,2.15547109336645,22.5696838064103,1.3738723014217,Region,0.0,Developed
Solomon Islands,2674.89311339831,2.99755987604104,4.32183948388033,29.7259898810403,23.3726706460022,46.9208634988188,1.47,6.00889889149161,1.35922325473902,2.08128126058924,Country,2.0,Struggling
South Africa,15456.1989933658,0.534843531905139,4.36115246518962,2.81119526983539,24.3105308888817,62.9921807546005,33.168,0.213233288359423,5.70575841482322,0.580891709673066,Country,1.0,Developing
South Asia,10973.7101715804,6.23259967615652,3.72320611944934,15.6315608377676,25.4482842781708,50.2816803610529,4.34169478016955,4.0642010057504,18.0589039340453,0.672042806570016,Region,2.0,Struggling
South Asia (IDA & IBRD),10973.7101715804,6.23259967615652,3.72320611944934,15.6315608377676,25.4482842781708,50.2816803610529,4.34169478016955,4.0642010057504,18.0589039340453,0.672042806570016,Region,2.0,Struggling
Spain,56877.6411034322,3.45525405630191,2.77417826534772,2.75300596488807,19.4537517327028,68.9025484059134,11.394,0.366748486679136,9.28447661569937,2.47896679493344,Country,0.0,Developed
Sri Lanka,15632.5924849848,5.00871930957159,-0.42936004906973,8.2996858332285,25.5288051289463,57.4695113471552,4.996,6.79203842044984,1.53793971540437,0.769118881748846,Country,1.0,Developing
St. Lucia,27567.3280779839,3.89175024218898,-0.110283575834694,1.12953634378355,9.75347513320073,75.898187714585,10.928,2.54833011985522,9.33224017462958,7.03603249996002,Country,0.0,Developed
St. Vincent and the Grenadines,21272.0800673662,4.06183490050209,3.62770736940927,3.54621278556935,15.4209047323377,66.4018742438693,18.056,8.16136103518688,4.93442861881868,6.37479455649936,Country,1.0,Developing
Sub-Saharan Africa,5517.42113558704,3.59733324708964,4.23903922877036,17.9547772160309,25.2670056835849,49.6231621747335,5.82352963342453,2.95374281273733,5.02727595472794,2.1817343724928,Region,2.0,Struggling
Sub-Saharan Africa (IDA & IBRD countries),5517.42113558704,3.59733324708964,4.23903922877036,17.9547772160309,25.2670056835849,49.6231621747335,5.82352963342453,2.95374281273733,5.02727595472794,2.1817343724928,Region,2.0,Struggling
Sub-Saharan Africa (excluding high income),5768.0270956302,3.36470475625492,4.23903922877036,16.5881760109038,25.2687148218965,50.5949154428684,6.11345685595871,3.18002773674112,6.17513150196581,2.13034885344909,Region,2.0,Struggling
Sudan,2115.81616210938,-13.9643375197179,138.80846024176,22.1813816000123,23.1519847472801,54.6666336527076,7.53,1.81187008589989,2.20240348221045,0.0,Country,2.0,Struggling
Suriname,21800.5265989822,1.72095737011739,16.2296159130279,6.77008395773172,35.0514487718833,50.8458681480381,7.325,3.62948526055995,10.3729916697731,-0.850285319023894,Country,1.0,Developing
Sweden,71030.4601718093,0.820071806703865,2.83581658224034,1.4222920532684,21.6861135924505,66.4283744913472,8.528,0.740259341070197,17.6524551082203,5.23472576111304,Country,0.0,Developed
Switzerland,94115.8242622014,1.30233332541106,1.06234041976595,0.628699475474558,24.7247192539882,72.0298166155219,4.11,0.388206889473597,29.2685601760352,-9.92561690741682,Country,0.0,Developed
Syrian Arab Republic,4772.4616766716,0.732781301861365,13.4175653228571,43.0599878108777,12.0009587036365,44.9390534854858,12.962,2.64296593950914,1.38292716055376,0.0,Country,2.0,Struggling
Tajikistan,5405.98011619139,8.39999980983981,6.00458082322139,22.8588621065173,33.6387708593471,34.7082666200741,11.635,47.8852110026872,15.2077910112936,2.05083616601343,Country,2.0,Struggling
Tanzania,4220.79638671875,5.5263138305945,3.05694676312373,23.3180780856465,28.5715529790176,29.5630742231974,2.576,1.42465392903549,3.00569275084221,2.17843632795407,Country,2.0,Struggling
Thailand,24712.0658575135,2.54182067735289,1.36580540798037,8.7111266189882,32.1359776535892,59.1528957274226,0.693,1.79598323750296,28.3057768762254,2.71636831286516,Country,0.0,Developed
Timor-Leste,4422.77882172399,-9.10069369772735,2.06284153005468,20.1605204711386,11.8214186288296,71.6305202418539,1.603,11.7692428737998,1.52605032155587,11.5563780898082,Country,2.0,Struggling
Togo,3365.45809007306,6.53204505563791,2.86262074089801,21.3288248148543,20.4297482322341,49.160730242496,1.94,5.63317859378631,0.681948279595617,0.786342441379874,Country,2.0,Struggling
Tonga,7802.66986206107,2.79014366862668,3.18364611260051,18.9589256874773,14.865250461644,49.9890087748987,2.192,42.6104220473422,28.4602948799521,0.44357392332268,Country,2.0,Struggling
Trinidad and Tobago,36328.5130065685,2.50920813979569,0.526884625776839,0.777630166856125,34.6437057869849,59.1817694915092,4.546,0.776983327920758,0.223696636088891,-1.76782828873977,Country,1.0,Developing
Tunisia,14521.0080937638,1.61444564976986,7.20661657168794,9.73863393101929,22.5572512872385,62.6074263616937,16.203,6.34487013750789,7.70110744284105,1.4797736580075,Country,1.0,Developing
Turkiye,45122.9317187258,3.3276230893799,58.5064507300343,5.82042467876951,25.5035682450148,57.5212773580131,8.449,0.0722524337048219,5.13775956987065,0.864012554985462,Country,1.0,Developing
Uganda,3273.2671741364,6.05558075875589,3.3233806708656,24.618950598633,24.8658125296098,43.1413581135321,2.941,2.6514080949333,1.91593833437355,6.04414786000937,Country,2.0,Struggling
Ukraine,18550.462890625,2.9138222142611,6.50198464669254,7.11116658934678,19.0250669209845,60.6158989452331,9.834,6.26398286807129,6.37028789775054,2.1065185105382,Country,1.0,Developing
United Arab Emirates,79228.738801276,3.99180705485398,1.66336510224894,0.769419245488961,44.3292859984628,54.9012947560482,2.133,0.325377524202418,8.96029397394575,8.26261712974626,Country,1.0,Developing
United Kingdom,60620.3807747583,1.1264226705118,3.2715729463592,0.638070794582258,17.1246523065486,72.4462431770253,4.111,0.131152727493427,29.7179659620928,-1.64532657046543,Country,0.0,Developed
United States,85809.9003846359,2.79300127716779,2.94952520485207,0.959566656543433,17.8846533610262,77.5992103112853,4.106,0.0303016009637605,24.322982844202,1.03321085618604,Country,0.0,Developed
Upper middle income,24878.127285818,4.17952127549748,3.05252419284577,6.81397889145137,33.7326382003236,56.1766082295891,5.61785876266125,0.809692938390526,22.6120754065015,0.879824830834759,Region,1.0,Developing
Uruguay,36417.874162496,3.10825478066172,4.84914366613156,6.42188821840422,16.7572573016825,65.2627436197817,8.401,0.16813172308694,9.84178975855216,-4.88533698438565,Country,0.0,Developed
Uzbekistan,11878.5528706848,6.49999999997677,9.62825465956682,18.325982693232,31.8097631182563,45.1918282895449,4.488,14.4210991468962,1.73386305963966,2.48047906294697,Country,2.0,Struggling
Viet Nam,16385.5065565458,7.09118746633975,3.62109273885843,11.8634906983546,37.6414652034249,42.3596025324624,1.431,3.35860522617933,44.256885251682,4.23394171325231,Country,1.0,Developing
West Bank and Gaza,4371.11135857265,-26.5575264529877,53.6691458303782,5.7037522621709,15.5805444898279,58.5346175180273,24.42,5.3650527788254,1.84344953927492,1.18281329825606,Country,1.0,Developing
World,24404.8235751803,2.87194964204313,2.97200477643618,4.04871859432627,25.6273911190008,63.3268570900618,4.89145022830775,0.813223225422957,24.7260601019906,1.3048970987331,Region,0.0,Developed
"Yemen, Rep.",3164.32154223615,0.752447592962554,8.10472583623915,28.7451403146812,25.4429978433173,41.8118618427961,17.086,15.88906448277,4.82928415383478,-1.30563839823089,Country,2.0,Struggling
Zambia,4214.89277804799,3.82004825518591,14.9856262747939,2.83370764465019,35.2465830565142,57.1882934058153,5.961,1.32123122514255,1.4719428559393,4.65600317484135,Country,1.0,Developing
Zimbabwe,5928.0806252756,1.74239524880791,104.705170628667,8.68845082778603,34.9926113141619,50.6052960837344,8.554,8.44955415885716,2.79801736625087,1.12046122708248,Country,2.0,Struggling
