country,Life_Expectancy,Infant_Mortality,Fertility_Rate,Mortality_rate_under_5,Population_Ages_65_plus,Health_Expenditure_GDP,Out_of_Pocket_Exp,Age_Dependency_Ratio,Category
Afghanistan,66.035,50.4,4.84,55.5,2.400970026561,23.0881691,77.94615173,82.7768483158234,Country
Africa Eastern and Southern,65.1461543479959,37.919755006862,4.22382000342152,53.8062516481712,3.33096021429811,5.65704468605185,16.2898850190604,78.4380513561385,Region
Africa Western and Central,58.8557215483277,53.3372158285586,4.49770681255146,88.7263351835126,2.98795331385258,4.21988343651794,60.8721302093416,79.8023373708457,Region
Albania,79.602,8.3,1.348,9.4,16.922756199529,6.19368076,51.26052094,50.9742938346485,Country
Algeria,76.261,19.7,2.766,22.0,6.58221207266603,3.6230433,49.97584915,58.5067834220209,Country
Andorra,84.041,2.5,1.082,2.6,15.9456903127384,7.92821121,10.98071861,38.5649541718808,Country
Angola,64.617,38.3,5.124,64.0,2.85242119224488,2.92737579,28.70015144,89.4060806363382,Country
Antigua and Barbuda,77.598,7.3,1.578,9.3,11.7844974219246,5.7299943,24.80779076,42.0142359533545,Country
Arab World,72.4446783578531,25.6477784978592,3.08975083762374,31.7791999547012,4.6326269533076,4.44056740950482,25.8831165635637,60.1776794320846,Region
Argentina,77.395,8.2,1.5,9.6,12.4160041547474,9.86305332,26.40138435,51.5609570038159,Country
Armenia,77.4658536585366,8.9,1.9,10.0,13.7027691969357,9.96212864,79.0908432,49.1198808417762,Country
Australia,83.0512195121951,3.1,1.5,3.7,17.7300159228367,9.92687893,15.2829895,55.211692188952,Country
Austria,81.5414634146342,2.6,1.32,3.1,20.6064031791903,10.87779903,16.13623428,53.4552149204625,Country
Azerbaijan,74.429,13.3,1.55,18.6,8.5557671289167,3.97840643,64.46770477,43.6108909062656,Country
"Bahamas, The",74.552,11.4,1.373,12.7,11.7758539484603,7.21692038,24.24633217,42.2242936331287,Country
Bahrain,81.284,7.2,1.824,8.6,3.85339957070368,3.83745313,23.47058868,29.1492189691124,Country
Bangladesh,74.672,24.4,2.163,30.6,6.49846299627493,2.39038587,72.52640533,52.6423780619832,Country
Barbados,76.178,9.3,1.708,10.0,16.5502225919796,6.29389191,46.7436409,51.0381409176706,Country
Belarus,74.1837804878049,1.9,1.208,2.4,17.6665640538227,6.65919876,27.618536,51.4320720058658,Country
Belgium,82.3975609756098,3.0,1.47,3.6,20.5580809256443,10.76192474,20.04573441,57.6148666582755,Country
Belize,73.566,10.8,2.007,12.7,5.02383883818482,4.23173904,26.60677338,46.203569976303,Country
Benin,60.774,46.4,4.556,77.9,3.11814703786092,2.67981386,42.49658966,80.7358613009806,Country
Bhutan,72.975,18.5,1.462,23.1,6.49423991297806,4.38545895,34.56685638,37.7478603176371,Country
Bolivia,68.581,20.0,2.547,23.1,5.64147449734418,8.43142891,21.87678146,54.8659781441531,Country
Bosnia and Herzegovina,77.85,5.3,1.486,6.0,22.2302388589029,8.71644783,30.88310814,54.4832427940866,Country
Botswana,69.163,38.2,2.732,39.6,4.03589409389962,5.72838593,4.39138889,56.655146530662,Country
Brazil,75.848,12.5,1.619,14.4,11.0491844889702,9.14277458,27.36837578,44.3299763860952,Country
Brunei Darussalam,75.327,8.2,1.747,9.4,6.8678459937565,1.81768215,7.65840197,38.2994748624391,Country
Bulgaria,75.7073170731707,5.0,1.81,6.1,22.0303362606903,7.66357517,35.07592392,57.4922255368163,Country
Burkina Faso,61.092,44.8,4.186,77.3,2.65177208111112,6.77182007,34.61856079,80.0303169928442,Country
Burundi,63.651,31.5,4.878,49.2,2.53180465590806,8.39522648,24.51572418,89.5041466801602,Country
Cabo Verde,76.059,11.0,1.522,11.6,6.85817820175012,6.67440224,25.71064949,47.9410239354206,Country
Cambodia,70.668,20.3,2.579,22.9,6.16370427229448,4.71089554,61.21101379,56.1447301469383,Country
Cameroon,63.7,41.2,4.322,67.2,2.79479868376124,4.47835922,67.69355011,79.3304617054918,Country
Canada,81.6465853658537,4.4,1.26,5.1,19.7995907648324,11.22370815,15.30350018,53.6355843539122,Country
Caribbean small states,73.1716450013098,16.8199872052641,1.83168008600287,18.4313958447572,10.1101130145521,5.69598583806588,38.039608450064,47.1877178023028,Region
Central African Republic,57.408,60.4,6.012,92.2,2.15107257700903,9.95509052,47.64571381,104.726849849797,Country
Central Europe and the Baltics,77.8966245256412,3.91337411673734,1.40721045615752,4.71798130017612,20.5030899335598,7.02822297995093,19.8387671390492,55.1122217872311,Region
Chad,55.069,58.7,6.12,101.1,2.10053656012627,4.52549791,58.17550659,92.9204543197374,Country
Chile,81.167,6.2,1.167,7.2,14.1350862568788,10.09532642,35.03757477,45.1405085154006,Country
China,77.953,4.5,0.999,6.2,14.665268836569,5.36948681,33.58712006,44.2441142865473,Country
Colombia,77.725,10.9,1.645,12.0,9.77843560750778,7.69168758,14.61574936,42.9603769785689,Country
Comoros,66.777,35.7,3.878,39.8,4.47216106564754,8.3803854,43.93103027,71.2139890865842,Country
"Congo, Dem. Rep.",61.895,44.5,6.051,73.2,3.07557777105384,3.78614616,37.07655334,96.4966566644987,Country
"Congo, Rep.",65.772,27.6,4.157,40.5,2.98559394254915,2.19224548,25.39348602,76.7764848143794,Country
Costa Rica,80.799,9.2,1.33,10.5,12.2251559968888,7.18368196,22.43504333,44.9788533469365,Country
Cote d'Ivoire,61.944,46.6,4.283,67.1,2.60896849556103,3.6424129,28.80875015,76.9295481519821,Country
Croatia,78.4731707317073,3.9,1.46,4.6,23.1877713482095,7.21545315,9.1891737,59.0102882477899,Country
Cuba,78.085,6.6,1.439,8.3,16.5690797350002,11.78683186,11.13431931,46.7631927747239,Country
Cyprus,81.648,2.9,1.389,3.5,14.616184268068,8.87060547,14.55644226,44.2758859500322,Country
Czechia,79.8780487804878,2.1,1.45,2.6,20.8453836809891,8.53962803,14.07175064,56.8447265644664,Country
Denmark,81.8536585365854,3.0,1.5,3.4,20.8660704666167,9.41784573,13.84249687,57.6353557296981,Country
Djibouti,65.987,44.4,2.609,50.4,4.85081139911801,2.49675012,30.98972321,51.563000494091,Country
Dominica,71.132,33.1,1.484,35.5,12.9559700928933,6.31969738,27.46514702,44.5713412237411,Country
Dominican Republic,73.72,28.4,2.243,31.4,7.87947502690208,4.57254791,27.57388115,52.5742155868587,Country
Early-demographic dividend,71.7962449795855,25.7356924158151,2.29816654586579,30.3431165282122,6.62518967072857,4.70379382753987,33.9523824035095,51.8408364398256,Region
East Asia & Pacific,76.6594177267807,11.6,1.33558030329751,14.5,13.6457266878012,6.60249048468312,25.4576233938874,46.6518554391468,Region
East Asia & Pacific (IDA & IBRD countries),75.9085643603807,12.2765509315217,1.35619349886656,15.2744885122753,12.425001223194,5.15470341033638,33.4540721666921,45.3097104831249,Region
East Asia & Pacific (excluding high income),75.8806830895266,12.3149132336445,1.36140449889156,15.3215491186643,12.4247525675863,5.15450795058183,33.4554313714399,45.3139438482426,Region
Ecuador,77.392,11.1,1.823,13.1,8.34399866229053,7.53457022,32.47224045,48.8091845545471,Country
"Egypt, Arab Rep.",71.633,16.1,2.75,17.5,5.11629539338187,4.70438385,53.82896805,59.0101954565221,Country
El Salvador,72.099,9.2,1.775,10.4,8.14861585944133,9.84079742,31.60897255,49.152974332256,Country
Equatorial Guinea,63.707,49.1,4.081,70.6,3.68789387041011,2.91350007,70.37992096,69.4149705171208,Country
Eritrea,68.624,25.5,3.713,35.4,4.20287571879535,3.87447667,54.3067894,73.4301367632134,Country
Estonia,78.490243902439,1.6,1.31,2.1,21.2973321004949,6.98701143,23.14767838,58.5663479181206,Country
Eswatini,64.123,43.5,2.753,45.0,4.26195555838067,7.2226615,10.36950207,60.2929796322665,Country
Ethiopia,67.315,35.7,3.989,46.5,3.22998448410868,2.85274577,44.59613419,73.2798951679715,Country
Euro area,82.194952481038,3.00512301199409,1.37678099626159,3.63624973445424,22.4385798384397,10.7704346006395,13.978894230965,57.8441053246258,Region
Europe & Central Asia,78.3854816068932,6.6,1.57901896941557,8.0,18.1297425741658,9.76392248461932,15.9211321082826,55.254548781736,Region
Europe & Central Asia (IDA & IBRD countries),74.7265371994292,9.17673225325607,1.72786969115701,11.1244023932449,14.4124387148352,6.07674096053888,27.805120316388,52.7668651325274,Region
Europe & Central Asia (excluding high income),74.7923060983647,11.8860410451798,1.98401223277125,14.4086584909035,11.2340802011258,4.69261840452001,35.1215665133645,52.3132181875701,Region
European Union,81.4128063717702,3.17037478192545,1.38609885893717,3.83208528546125,22.0124926642937,10.3710809001126,14.2744520312091,57.3787464951009,Region
Fiji,67.316,23.8,2.281,29.1,6.48697651983669,3.57928777,8.31420898,50.5576304595912,Country
Finland,81.6853658536585,1.8,1.26,2.3,23.8972369428395,9.6589222,16.0982132,62.6820794456911,Country
Fragile and conflict affected situations,63.3499447771075,45.9686669748043,4.18166207272726,70.2148505989691,4.04566925785217,4.49594781399369,52.5644478520044,76.5874634110946,Region
France,82.9292682926829,3.4,1.66,4.3,22.1465618989138,11.8819046,8.9231348,63.003655783096,Country
Gabon,68.337,26.5,3.647,33.2,4.08255139966242,2.85591531,18.62278557,68.2569535704085,Country
"Gambia, The",65.86,33.8,4.006,44.1,3.07823857897907,3.41435836,19.8919134,76.4484982313518,Country
Georgia,74.496,8.0,1.81,9.2,15.6376865642243,7.25569582,40.44641876,57.3228523922316,Country
Germany,80.5414634146342,3.1,1.39,3.7,23.1955871731941,11.79903221,11.27757549,58.9970399490838,Country
Ghana,65.498,28.2,3.397,37.1,3.70833260535242,3.6993649,25.03213501,65.3615857268255,Country
Greece,81.5365853658537,3.2,1.32,3.7,23.939763430194,8.49983692,33.53891373,59.1322060504029,Country
Grenada,75.205,16.7,1.487,18.3,12.2394044749696,4.94846392,53.71971893,46.370277864502,Country
Guatemala,72.602,17.9,2.311,21.4,4.84933494994855,7.44098806,58.38369751,57.2981463861187,Country
Guinea,60.74,61.5,4.217,95.0,3.45511630785822,3.95847702,55.45554352,79.7147834280458,Country
Guinea-Bissau,64.085,43.1,3.836,69.3,3.191856640828,8.11358356,64.89645386,72.3477499737723,Country
Guyana,70.18,23.8,2.412,25.7,6.73491868776595,3.00636959,23.06054115,55.9953375228056,Country
Haiti,64.936,40.3,2.656,55.1,4.70521824612954,3.20848918,48.15792084,55.9912955357223,Country
Heavily indebted poor countries (HIPC),64.7159054177481,41.3600560328369,4.47735901262395,60.6306358101462,3.03566264187513,4.81036213173875,38.9404774218266,80.8918846825889,Region
High income,80.1498888009661,4.1,1.43528965392277,5.0,19.5958999697407,12.4875331275825,13.1460542062881,54.9303830704444,Region
Honduras,72.884,13.3,2.5,15.5,4.41772213694935,8.28209972,51.0538826,53.9383402159092,Country
Hungary,76.7707317073171,3.2,1.51,3.8,20.9931972318078,6.3573041,28.52379417,54.7857651144164,Country
IBRD only,74.5206328779372,17.3059259032933,1.71721480250408,20.6388486603556,10.3267623003083,5.54570746796692,32.2772521099811,47.5050852781932,Region
IDA & IBRD total,72.0004516179201,29.1378116819422,2.30809674307544,39.6437540607825,8.52095832757949,5.43777442564951,33.285579016615,54.657171854442,Region
IDA blend,62.4621643327349,49.5417880591402,3.90689986940718,72.4719020408534,3.66403445568467,4.05581598840509,56.3790174771134,72.5919105827999,Region
IDA only,67.0538318903115,38.3197770437325,3.80843381423313,54.3635599608315,4.02912118699042,4.12867296321543,48.0735632858907,73.1415022106103,Region
IDA total,65.4535223135408,42.1951603422233,3.84213231871592,60.6170528832606,3.90217019723918,4.09368724866845,51.6583710867313,72.9503936461879,Region
Iceland,82.6073170731707,1.9,1.59,2.6,15.6448154592516,8.99166012,14.37681293,50.1688158799601,Country
India,72.003,24.5,1.975,27.7,7.14651714039908,3.3058846,45.9815712,46.5639973059355,Country
Indonesia,71.146,17.0,2.127,20.6,7.28860130431549,2.69394851,32.9629097,46.8135550051726,Country
"Iran, Islamic Rep.",77.654,10.7,1.695,11.8,8.23901267627149,5.34889174,39.07644653,44.2576475929094,Country
Iraq,72.324,20.8,3.249,22.6,3.41438792372575,4.29332495,47.83436203,66.6548244604985,Country
Ireland,82.8609756097561,3.4,1.5,3.8,15.8920783803289,6.11978531,10.67340851,52.5496229649835,Country
Israel,83.1951219512195,2.7,2.85,3.4,12.5526937672772,7.34161806,20.24864769,66.5610464169687,Country
Italy,83.7,2.3,1.2,2.8,24.624776723376,8.51808929,23.07142067,57.5226887063978,Country
Jamaica,71.479,18.3,1.358,19.3,8.20960314175773,7.77706337,11.08962727,36.8213630495345,Country
Japan,84.0412195121951,1.8,1.2,2.4,29.7807703973917,11.42183685,10.97316837,70.1168403833763,Country
Jordan,77.814,12.2,2.639,13.2,4.52316375593402,6.82820034,40.21434021,54.3009741648251,Country
Kazakhstan,74.402,7.6,3.012,9.6,8.65323470294214,3.74026752,30.87401772,61.3593284528818,Country
Kenya,63.646,34.7,3.208,39.9,2.96616899017204,4.32603645,24.20874977,66.1190997974295,Country
Kiribati,66.473,39.7,3.147,55.1,4.23660774022807,10.49855042,0.78772789,63.7487979159819,Country
"Korea, Rep.",83.4292682926829,2.3,0.721,2.8,19.2735131316057,9.88014412,30.25652504,42.5346866514455,Country
Kuwait,83.1878048780488,7.6,1.524,8.8,3.1048387301063,4.26875782,11.54475975,27.1029912369309,Country
Kyrgyz Republic,72.2487804878049,14.9,2.7,17.0,5.68194389959712,4.92258883,38.35810471,61.3514807542057,Country
Lao PDR,68.964,35.2,2.421,39.0,4.66578436383138,2.01825476,28.68578529,53.5253966955507,Country
Late-demographic dividend,77.1297750439663,7.57066022860459,1.26924387483295,9.4859784770801,13.7744947359119,5.82759228539716,30.1602796731745,45.5451523669674,Region
Latin America & Caribbean,75.6435273174015,13.5,1.79507341890876,15.9,9.83800362976214,7.85123301532881,29.9341915095296,47.9267218031353,Region
Latin America & Caribbean (excluding high income),75.4986013301867,13.3682618891253,1.81033624989092,15.6898942523118,9.55763442107996,7.79100157747002,29.6938469929266,47.6362616551383,Region
Latin America & the Caribbean (IDA & IBRD countries),75.5699258379688,13.6285676732373,1.80414192300781,15.9445520792666,9.64333529448387,7.85273935463182,29.9457010114251,47.9048148879317,Region
Latvia,75.6780487804878,2.5,1.36,3.0,21.7358403074143,7.62168407,30.74036026,59.106810188639,Country
Least developed countries: UN classification,66.5161002597788,39.6616837734436,3.96127401392912,56.8975930422039,3.80504972776836,3.85617268637977,49.0535927996594,75.2380777449655,Region
Lebanon,77.817,16.0,2.239,18.3,10.1385877257367,5.73500204,33.42271805,57.0475892933219,Country
Lesotho,57.375,55.4,2.694,58.9,3.8564059343144,12.65127754,12.6332159,62.2736686010548,Country
Liberia,62.163,52.6,3.95,72.9,3.30499818540316,13.47386169,62.22333145,74.930982144805,Country
Libya,69.339,15.9,2.355,30.8,5.01919584859714,4.65005827,30.46777153,47.9982306839978,Country
Lithuania,76.9878048780488,2.8,1.18,3.4,20.1664889015269,7.29381466,31.83036995,53.5449086261818,Country
Low & middle income,71.9736125967917,29.3326473183927,2.3053344503812,40.0195748267782,8.31330315369562,5.27394724357788,34.279849948962,54.3335483108058,Region
Low income,64.5178957936853,42.8,4.65041602340353,62.3,3.28494148627212,5.69047800120678,44.4147243069568,82.5373026957072,Region
Lower middle income,69.5963746571515,32.6,2.5860093327296,43.5,5.97937346469733,3.90104028119913,47.4192031283831,56.0465815771199,Region
Luxembourg,83.3585365853659,2.0,1.25,2.3,15.4763638200631,5.78284121,8.70916843,45.4622803870045,Country
Madagascar,63.632,44.2,3.972,64.8,3.40515250513719,3.25023246,32.28622437,74.4044379155376,Country
Malawi,67.353,29.4,3.648,38.3,2.58611915815843,6.50023508,12.0969162,76.3409449778756,Country
Malaysia,76.657,6.8,1.55,8.1,7.73785157794421,3.90591931,37.8710556,41.8927658645277,Country
Maldives,81.041,5.0,1.575,5.7,4.64021341457638,9.65276241,17.54257965,31.9824156478728,Country
Mali,60.439,57.6,5.614,91.3,2.38401749806275,3.67284775,43.21066666,94.2739621678949,Country
Malta,83.5073170731707,4.8,1.06,5.5,20.2123026573043,9.52376747,30.0230751,49.7967062194204,Country
Marshall Islands,66.945,23.5,2.919,28.2,4.64072653669969,11.73604298,1.19993043,64.2447836927519,Country
Mauritania,68.484,31.0,4.697,37.8,3.22841423141255,4.48389912,40.80820465,84.978354637561,Country
Mauritius,73.4121951219512,13.5,1.39,15.2,13.5258962419631,5.82381678,44.01161957,39.5416044069779,Country
Mexico,75.069,10.8,1.91,12.5,8.24857017950351,5.72145176,39.08966446,48.7167150891959,Country
"Micronesia, Fed. Sts.",67.198,20.8,2.748,23.1,5.94951418560363,10.34470272,2.84008884,60.7646189691425,Country
"Middle East, North Africa, Afghanistan & Pakistan",72.0839412410497,17.8,3.00810110726487,20.0,5.06035800318663,4.78051480760917,27.6009885216386,60.3669249716533,Region
"Middle East, North Africa, Afghanistan & Pakistan (IDA & IBRD)",71.3194560888195,34.2896652390574,3.08266683185516,39.2299842065779,5.15228222096897,4.62581759666095,46.7228886804352,62.5320058575705,Region
"Middle East, North Africa, Afghanistan & Pakistan (excluding high income)",71.2758849884582,34.1207734088251,3.08429933241737,39.1207393207127,5.14290790653888,4.67161812012302,46.4652288452888,62.6000386012815,Region
Middle income,72.7428060722667,25.9715849560898,2.07487633498744,34.2836220751397,8.84214836012549,5.26957080221821,34.1603317017211,51.3672898560071,Region
Moldova,71.198,13.5,1.731,14.7,16.2115124727323,6.96505404,31.71020699,56.2505935075156,Country
Monaco,86.372,2.3,2.11,2.7,36.1665501799073,3.39779735,7.56005859,98.5659213569776,Country
Mongolia,72.1224390243902,11.4,2.7,13.6,5.13764767489369,8.85170174,38.94818497,59.5684105260823,Country
Montenegro,77.5878048780488,2.1,1.74,2.6,17.8320804850907,10.92241859,36.73978424,56.1495772729094,Country
Morocco,75.313,15.5,2.23,16.6,8.13865292437289,5.68049145,43.01153183,50.9925352190748,Country
Mozambique,63.611,45.4,4.763,61.7,2.75374348509978,8.77717781,9.68696404,89.5117827853714,Country
Myanmar,66.889,34.1,2.115,38.7,7.3044263357285,5.20476246,65.13663483,46.2094250408467,Country
Namibia,67.385,38.4,3.212,40.7,3.67296001393999,9.29635525,8.10120773,68.4996560642518,Country
Nauru,62.109,8.3,3.331,8.9,2.85020717364919,18.17031097,0.46788883,68.4336669956295,Country
Nepal,70.354,23.3,1.984,26.5,6.50345841831696,6.65589333,55.78992081,53.6868554776039,Country
Netherlands,81.9146341463415,3.5,1.43,4.0,20.4960775816586,10.10068321,10.02272224,55.0909942337838,Country
New Zealand,83.0048780487805,4.0,1.56,4.7,17.1957543080631,10.02858067,11.67517471,54.5939916672758,Country
Nicaragua,74.947,10.3,2.218,13.4,5.5335856079826,8.95364857,35.65618896,52.1895509332864,Country
Niger,61.183,67.4,6.061,114.8,2.59438183698921,4.35259724,40.34075165,96.8325672256489,Country
Nigeria,54.462,60.1,4.482,104.9,3.04866208065127,4.27090406,76.12967682,78.7709744526654,Country
North America,78.7328213732191,5.4,1.57842091532655,6.4,18.1318732715004,16.0814812049785,11.3022046713657,54.3601438683216,Region
North Macedonia,75.3160975609756,2.8,1.5,3.3,18.0247601630052,7.6204114,40.21560669,53.4859870639466,Country
Norway,83.1121951219512,1.9,1.4,2.4,18.7852406279027,7.94803333,14.07542992,53.7846035980815,Country
OECD members,80.1614352591851,5.75600195308485,1.49140708441198,6.89826215836792,18.6338429098123,12.8220364485417,13.0740277627432,54.9293928010136,Region
Oman,80.031,8.4,2.525,10.4,2.64409723076876,2.9162159,7.47770643,37.6631602323536,Country
Other small states,73.5594214776897,25.2193205602151,2.03877833272652,29.5328321926962,10.3551058809583,7.59879076924048,21.3400403477816,51.9545207257915,Region
Pacific island small states,69.2745949035856,18.9596956716322,3.02800394339178,23.5016798798031,5.18358447189839,5.70795243511647,6.39473137388343,63.2940393143827,Region
Pakistan,67.649,50.1,3.605,58.5,4.28062891951199,2.90434051,47.36522675,69.3926431439163,Country
Palau,69.269,19.1,1.907,22.3,11.3418665762482,14.28555965,16.59174156,42.0144462279294,Country
Panama,79.594,10.6,2.119,13.3,9.35311257011009,8.46561432,37.1328392,52.086689450372,Country
Papua New Guinea,66.134,32.0,3.099,40.3,3.46461445686932,2.61825109,9.25386047,58.5895021011812,Country
Paraguay,73.844,15.1,2.422,17.0,6.53764608747996,7.73804235,38.90990067,54.1439537929832,Country
Peru,77.74,13.5,1.98,15.8,9.22812283852747,6.0930872,26.99152184,49.6973010705299,Country
Philippines,69.833,22.1,1.916,26.9,5.49193411039176,5.10629606,44.36002731,50.0600272907847,Country
Poland,78.5073170731707,3.7,1.158,4.4,20.1434028173028,7.00451565,16.18947983,53.7259735061021,Country
Portugal,82.2804878048781,2.6,1.44,3.2,24.5306498594644,10.00331116,29.76397705,59.5712560251323,Country
Post-demographic dividend,80.8230563837636,4.07979128956356,1.39633943731236,4.83396559578023,21.0306154646088,13.3276247721457,12.6497386671365,56.5749487354357,Region
Pre-demographic dividend,62.1636298902791,45.9338672007582,4.55928980464074,71.1757086663576,2.91306712431536,4.37091691464305,50.6729867298866,81.8048805504337,Region
Qatar,82.368,4.9,1.729,6.0,1.67581729963329,2.18112326,7.73313808,20.1151630671203,Country
Romania,76.6073170731707,5.4,1.71,6.6,19.9809987731847,5.7490139,21.42167473,55.5131705543589,Country
Russian Federation,73.2546341463415,3.7,1.41,4.5,17.1774753758315,6.91986275,27.70335197,52.5688404175722,Country
Rwanda,67.785,30.5,3.698,40.0,3.92606803328137,7.8792119,9.6218214,70.3196484501421,Country
Samoa,71.698,12.8,3.829,15.7,5.88089597490133,6.3012085,12.48642349,79.6782541330828,Country
San Marino,85.706,1.4,1.149,1.4,22.4099937464638,7.40650225,11.43565369,53.0633390395531,Country
Sao Tome and Principe,69.718,9.4,3.644,13.9,3.90024476036623,7.46419811,11.97192383,71.6102003642987,Country
Saudi Arabia,78.732,4.9,2.28,6.2,2.95084263846487,4.62462378,11.01618004,36.5549841438871,Country
Senegal,68.683,30.2,3.818,38.5,3.61772273671508,4.06358385,48.82735062,71.8215628365833,Country
Serbia,76.2209756097561,4.5,1.61,5.2,22.6860376805019,9.65742779,36.53276062,58.7227716497179,Country
Seychelles,74.9585365853659,13.1,2.02,14.3,8.53904929131987,4.2375164,24.40646935,39.8409771836829,Country
Sierra Leone,61.786,56.2,3.791,94.3,3.24269579256476,7.94752312,52.65649033,70.4490063510929,Country
Singapore,82.8951219512195,1.7,0.97,2.1,13.6562182859265,4.89702511,24.73981285,33.9448002385635,Country
Slovak Republic,78.0170731707317,5.1,1.49,6.1,18.5373993543753,7.73064041,19.26242447,52.2037685532826,Country
Slovenia,81.9780487804878,1.8,1.51,2.2,21.7723491779025,9.41330814,12.91975498,57.4487296195149,Country
Small states,72.8966788653862,22.3309013559083,2.12339487150431,26.1448546234728,9.60281404626532,6.97471582815327,24.9009089578046,52.4118314505274,Region
Solomon Islands,70.528,16.5,3.557,20.6,3.63880282910847,4.82369328,3.71732569,68.3761263483294,Country
"Somalia, Fed. Rep.",58.816,67.8,6.132,104.0,2.591583390547,2.62183189,42.14455032,96.7915743356176,Country
South Africa,66.139,24.4,2.216,34.7,6.69054794339382,8.77086639,6.71138716,48.3114173367099,Country
South Asia,72.3247648783903,30.2,1.99556441998933,34.8,7.13176952348553,3.26451803365981,47.9971098061807,47.3788256908965,Region
South Asia (IDA & IBRD),72.3247648783903,24.2308945172015,1.99556441998933,27.7817347409609,7.13176952348553,3.26451803365981,47.9971098061807,47.3788256908965,Region
South Sudan,57.617,72.6,3.864,98.7,2.99167528264649,6.76125622,34.39799881,72.1441308683101,Country
Spain,83.8829268292683,2.6,1.12,3.1,21.1454438932121,9.73828793,19.17667389,51.6695519755033,Country
Sri Lanka,77.483,5.3,1.974,6.1,12.1039396323455,4.36269855,40.2233963,51.8239202756772,Country
St. Kitts and Nevis,72.145,14.3,1.505,16.3,11.2257968106227,5.56801701,43.28757858,41.6706992499395,Country
St. Lucia,72.697,14.3,1.379,15.5,9.61675943775436,5.01938295,38.72670364,37.2759418651718,Country
St. Vincent and the Grenadines,71.23,9.9,1.775,10.6,11.8912499006122,4.68767738,27.62330246,49.6601169138318,Country
Sub-Saharan Africa,62.6028071536951,44.2,4.33245083585001,68.1,3.1923370962325,4.98784551323311,32.0395106997042,78.9894151364192,Region
Sub-Saharan Africa (IDA & IBRD countries),62.6028071536951,44.209453036333,4.33245083585002,68.0522278916853,3.1923370962325,4.98784551323311,32.0395106997042,78.9894151364193,Region
Sub-Saharan Africa (excluding high income),62.0653555476155,45.1384280693628,4.37284268651581,70.4039202889813,3.187487043988,5.11031746287001,31.6253837612227,79.6441501174418,Region
Sudan,66.331,39.2,4.323,50.1,3.30171309271226,4.61874437,51.41895676,77.8507021774661,Country
Suriname,73.631,15.2,2.249,16.2,7.89928297955175,5.91760969,23.09218407,50.4628213246437,Country
Sweden,83.309756097561,2.0,1.45,2.5,20.7467682423653,10.88682365,12.67632294,60.5975578774891,Country
Switzerland,84.0560975609756,3.5,1.33,3.9,20.0190518226838,11.70653343,21.58273506,53.7748649242138,Country
Syrian Arab Republic,72.12,19.0,2.712,20.6,4.74170917120154,4.15098715,45.73065948,51.2977156907185,Country
Tajikistan,71.79,22.9,3.072,27.3,3.85166927070363,7.62917423,65.18047333,66.9813440301354,Country
Tanzania,66.995,29.9,4.606,38.9,3.04500104922455,3.1119566,28.69367599,83.7597146713438,Country
Thailand,76.412,8.0,1.212,9.2,15.3627543814492,5.35470581,9.21155357,43.0865648827834,Country
Timor-Leste,67.689,35.9,2.707,50.0,5.2777020186515,14.32454681,5.47778559,63.7629138391458,Country
Togo,62.739,35.9,4.192,58.3,3.21344647749391,6.04134083,63.19364166,74.6397124343511,Country
Tonga,72.895,8.0,3.129,9.9,6.71559051792408,8.13607597,2.94085217,72.7669242760954,Country
Trinidad and Tobago,73.49,17.2,1.532,19.1,12.3783519031106,6.43106365,49.23382568,43.1406495832357,Country
Tunisia,76.508,10.6,1.832,12.9,9.52962134652384,6.96380186,33.86546326,50.531188748014,Country
Turkiye,77.156,9.1,1.51,12.8,10.2841810756946,3.70338893,19.47843933,46.483848695231,Country
Turkmenistan,70.073,31.2,2.69,40.0,4.53024308431045,5.37103748,79.22116089,56.3406372282943,Country
Tuvalu,67.105,17.1,3.208,19.9,6.66632108237002,18.38210106,0.3685762,65.5965665236051,Country
Uganda,68.252,27.6,4.283,38.8,2.18856638123782,4.39089251,34.09155273,84.2692386918341,Country
Ukraine,73.422,7.8,0.977,8.1,18.9624484896371,8.2027483,45.29367447,48.9225090613665,Country
United Arab Emirates,82.909,4.0,1.2,5.0,1.76696037563358,4.67550945,12.28839397,21.769960468876,Country
United Kingdom,81.2380975609756,4.0,1.56,4.5,19.4997673608515,10.872015,13.82068539,57.9399912449235,Country
United States,78.3853658536585,5.5,1.6165,6.5,17.9287302134033,16.49613953,11.09916687,54.4480428025866,Country
Upper middle income,76.1949149028821,11.5,1.47472512641046,14.1,12.0128164260047,5.63225532630782,31.7784152054061,46.1847374818197,Region
Uruguay,78.138,5.5,1.409,6.7,16.0451929855644,8.94532204,16.32697678,52.2955026226606,Country
Uzbekistan,72.388,12.7,3.5,13.3,5.86451589287555,7.36325455,65.29790497,58.6494292141216,Country
Vanuatu,71.477,14.2,3.596,16.8,4.29574940317746,4.14742947,7.5762167,74.2451305605171,Country
"Venezuela, RB",72.514,21.5,2.079,24.3,9.67921120184184,4.55047369,24.88783646,54.3357993626306,Country
Viet Nam,74.588,14.0,1.913,20.0,9.04718319297274,4.58891582,39.5451889,47.6476510341859,Country
West Bank and Gaza,65.17,14.3,3.311,26.3,3.83773428275027,9.73336029,33.55230331,72.0721491548406,Country
World,73.3289501544845,27.1,2.19590911593139,36.7,10.2004066703366,9.84253543918585,17.2337382443152,54.7447998474278,Region
"Yemen, Rep.",69.295,34.7,4.59,39.3,2.52303760097367,6.18666697,70.20210266,77.466898203994,Country
Zambia,66.349,30.9,4.101,44.7,1.9467528327704,5.25592279,9.69076443,76.6912407389232,Country
Zimbabwe,62.775,40.6,3.724,44.2,3.60165374437779,3.62880659,8.15721226,80.1004117942445,Country
